t,x,y,yaw,odom_x,odom_y,odom_yaw,error_x,error_y,error_dist,tags_used,quality
8192.000427,0.029074,-0.472911,0.000097,0|1|2|3|4|5,0.4691
8192.017094,0.028719,-0.473183,0.000351,0|1|2|3|4|5,0.4690
8192.033761,0.028598,-0.473565,0.000080,0|1|2|3|4|5,0.4681
8192.050427,0.029110,-0.473197,-0.000234,0|1|2|3|4|5,0.4677
8192.067094,0.028863,-0.473281,-0.000256,0|1|2|3|4|5,0.4691
8192.083761,0.028810,-0.473145,0.000169,0|1|2|3|4|5,0.4690
8192.100427,0.028424,-0.472547,0.000878,0|1|2|3|5,0.4700
8192.117094,0.028934,-0.473218,-0.000089,0|1|2|3|4|5,0.4689
8192.133761,0.028572,-0.473461,0.000055,0|1|2|3|4|5,0.4700
8192.150427,0.028816,-0.473558,-0.000521,0|1|2|3|4|5,0.4697
8192.167094,0.028854,-0.473518,-0.000196,0|1|2|3|4|5,0.4691
8192.183761,0.028554,-0.472765,0.000758,0|1|2|3|5,0.4685
8192.200427,0.029296,-0.474243,-0.002240,0|1|2|3|4|5,0.4646
8192.217094,0.029196,-0.474387,-0.002251,0|1|2|3|4|5,0.4655
8192.233761,0.028446,-0.473269,0.000707,0|1|2|3|5,0.4685
8192.250427,0.028487,-0.473048,0.000796,0|1|2|3|5,0.4687
8192.267094,0.028886,-0.473556,-0.000187,0|1|2|3|4|5,0.4684
8192.283761,0.028852,-0.473539,-0.000095,0|1|2|3|4|5,0.4686
8192.300427,0.028685,-0.473806,-0.000435,0|1|2|3|4|5,0.4691
8192.317094,0.028982,-0.474704,-0.002532,0|1|2|3|4|5,0.4646
8192.333761,0.028830,-0.474741,-0.003149,0|2|3|4|5,0.4638
8192.350427,0.028736,-0.474928,-0.003179,-0.000000,0.000000,0.000000,0.000000,0.000000,0.000000,0|2|3|4|5,0.4646
8192.367094,0.028875,-0.474856,-0.003043,0.000006,-0.000000,0.000000,-0.000045,0.000075,0.000088,0|2|3|4|5,0.4639
8192.383761,0.029030,-0.474841,-0.002371,0.000012,0.000000,-0.000000,-0.000060,0.000159,0.000170,0|1|2|3|4|5,0.4645
8192.400427,0.029041,-0.474717,-0.003083,0.000018,-0.000000,-0.000001,-0.000134,0.000165,0.000213,0|2|3|4|5,0.4636
8192.417094,0.029325,-0.473629,-0.000949,0.000024,0.000000,-0.000001,-0.000731,0.000317,0.000797,0|1|2|3|4|5,0.4642
8192.433761,0.028880,-0.474883,-0.003066,0.000030,0.000000,-0.000000,-0.000056,0.000078,0.000096,0|2|3|4|5,0.4635
8192.450427,0.028881,-0.474884,-0.003070,0.001525,0.000045,0.000111,-0.001550,0.000033,0.001550,0|2|3|4|5,0.4642
8192.467094,0.030709,-0.475249,0.000266,0.004222,0.000104,0.000254,-0.004051,0.000969,0.004165,0|1|2|3|4|5,0.4634
8192.483761,0.030304,-0.473759,0.003828,0.008375,0.000162,0.000261,-0.009013,0.000689,0.009040,0|1|2|3|5,0.4709
8192.500427,0.030512,-0.489538,0.000382,0.012788,0.000206,0.000276,-0.004851,0.000785,0.004914,0|1|2|3|4|5,0.4705
8192.517094,0.030749,-0.489522,0.000581,0.017149,0.000248,0.000302,-0.009221,0.000871,0.009262,0|2|3|4|5,0.4644
8192.533761,0.032021,-0.497019,-0.001657,0.021595,0.000161,0.000309,-0.009595,0.001662,0.009738,0|1|2|3|4|5,0.4708
8192.550427,0.030621,-0.513187,0.001887,0.026047,0.000071,0.000321,-0.005258,0.001020,0.005356,0|1|2|3|4|5,0.4702
8192.567094,0.030621,-0.513189,0.001886,0.030501,-0.000023,0.000321,-0.009710,0.001113,0.009774,0|1|2|3|4|5,0.4714
8192.583761,0.026576,-0.531043,0.000760,0.034954,-0.000117,0.000323,-0.004454,-0.000960,0.004556,0|1|2|3|4|5,0.4724
8192.600427,0.026577,-0.531042,0.000762,0.039254,-0.000228,0.000263,-0.008753,-0.000849,0.008794,0|1|2|3|4|5,0.4727
8192.617094,0.023043,-0.547282,0.001385,0.043561,-0.000326,0.000266,-0.004229,-0.002643,0.004987,0|2|3|4|5,0.4732
8192.633761,0.022127,-0.555450,0.004123,0.047930,-0.000426,0.000280,-0.004157,-0.003027,0.005142,0|1|2|3|4|5,0.4696
8192.650427,0.018071,-0.563905,0.001380,0.052364,-0.000525,0.000284,-0.003989,-0.005118,0.006489,0|1|2|3|4|5,0.4729
8192.667094,0.016030,-0.571841,0.001610,0.056764,-0.000368,0.000285,-0.004072,-0.006370,0.007561,0|1|2|3|4|5,0.4719
8192.683761,0.016029,-0.571840,0.001609,0.061241,-0.000463,0.000287,-0.008550,-0.006276,0.010606,0|1|2|3|4|5,0.4716
8192.700427,0.019773,-0.579806,0.001900,0.065723,-0.000559,0.000287,-0.008709,-0.004132,0.009640,0|2|3|4|5,0.4703
8192.717094,0.016982,-0.597252,0.003768,0.070208,-0.000655,0.000289,-0.003708,-0.005522,0.006651,0|1|2|3|4|5,0.4684
8192.733761,0.017018,-0.597259,0.003815,0.074629,-0.000759,0.000277,-0.008125,-0.005398,0.009755,0|1|2|3|4|5,0.4712
8192.750427,0.013244,-0.605330,0.001743,0.078995,-0.000863,0.000252,-0.008098,-0.007331,0.010924,0|1|2|3|4|5,0.4715
8192.767094,0.010931,-0.613619,0.001727,0.083311,-0.000963,0.000230,-0.007905,-0.008474,0.011589,0|1|2|3|4|5,0.4709
8192.783761,0.006150,-0.631274,0.000144,0.087549,-0.000817,0.000236,-0.002540,-0.011188,0.011473,0|1|2|3|4|5,0.4677
8192.800427,0.009892,-0.636761,0.001545,0.091802,-0.000295,0.000232,-0.003817,-0.009667,0.010393,0|1|2|3|5,0.4701
8192.817094,0.021307,-0.645428,0.001461,0.096044,-0.000387,0.000232,-0.003369,-0.003356,0.004755,0|1|2|3|5,0.4698
8192.833761,0.018621,-0.653662,0.000450,0.100346,-0.000483,0.000233,-0.003192,-0.004705,0.005686,0|1|2|3|4|5,0.4734
8192.850427,0.018622,-0.653665,0.000450,0.104656,-0.000579,0.000252,-0.007499,-0.004609,0.008803,0|1|2|3|4|5,0.4744
8192.867094,0.016244,-0.661866,0.000049,0.108961,-0.000678,0.000300,-0.007343,-0.005789,0.009350,0|1|2|3|4|5,0.4747
8192.883761,0.014293,-0.670056,-0.000045,0.113264,-0.000771,0.000307,-0.007192,-0.006741,0.009858,0|1|2|3|4|5,0.4758
8192.900427,0.012081,-0.677862,0.000766,0.117570,-0.000869,0.000312,-0.007252,-0.007832,0.010674,0|1|2|3|4|5,0.4753
8192.917094,0.008001,-0.694383,0.001196,0.121885,-0.000977,0.000270,-0.002580,-0.009913,0.010243,0|1|2|3|4|5,0.4749
8192.933761,0.005646,-0.703060,0.001123,0.126209,-0.001079,0.000244,-0.002186,-0.011076,0.011290,0|1|2|3|4|5,0.4739
8192.950427,0.003320,-0.711554,0.002299,0.130551,-0.001173,0.000232,-0.001907,-0.012232,0.012380,0|1|2|3|4|5,0.4723
8192.967094,0.001820,-0.719359,0.002217,0.134782,-0.000643,0.000262,-0.001894,-0.013563,0.013695,0|1|2|3|4|5,0.4701
8192.983761,0.014435,-0.726190,0.002034,0.139059,-0.000479,0.000271,-0.002480,-0.006860,0.007294,0|1|2|3|4|5,0.4698
8193.000427,0.017674,-0.734366,0.001998,0.143328,-0.000572,0.000273,-0.002311,-0.004991,0.005500,0|1|2|3|4|5,0.4697
8193.017094,0.015346,-0.742375,0.002122,0.147614,-0.000670,0.000268,-0.002240,-0.006145,0.006541,0|1|2|3|4|5,0.4705
8193.033761,0.012825,-0.751414,0.002270,0.151895,-0.000765,0.000300,-0.001604,-0.007405,0.007577,0|1|2|3|4|5|6,0.4651
8193.050427,0.012921,-0.750735,0.002853,0.156294,-0.000860,0.000293,-0.006373,-0.007258,0.009659,0|1|2|3|4|5|6|7,0.4700
8193.067094,0.007797,-0.767898,0.003039,0.160753,-0.000967,0.000294,-0.001495,-0.009907,0.010020,0|1|2|3|4|5|6|7,0.4723
8193.083761,0.007795,-0.767897,0.003044,0.165233,-0.001066,0.000294,-0.005976,-0.009809,0.011486,0|1|2|3|4|5|6|7,0.4725
8193.100427,0.002839,-0.785160,0.002381,0.169639,-0.000940,0.000292,-0.000991,-0.012599,0.012638,0|1|2|3|4|5|6|7,0.4708
8193.117094,0.002423,-0.784979,0.002851,0.174089,-0.001036,0.000292,-0.005539,-0.012729,0.013882,0|1|2|3|5|6|7,0.4708
8193.133761,0.003279,-0.801129,0.001769,0.178490,-0.001129,0.000282,-0.001164,-0.012143,0.012199,0|1|2|3|4|5|6|7,0.4723
8193.150427,0.001330,-0.809456,0.001639,0.182832,-0.001219,0.000268,-0.000977,-0.013098,0.013134,0|1|2|3|4|5|6|7,0.4728
8193.167094,-0.000133,-0.817364,0.001109,0.187120,-0.001305,0.000253,-0.000965,-0.013793,0.013827,0|1|2|3|4|5|6,0.4737
8193.183761,-0.003065,-0.826049,0.001607,0.191375,-0.001394,0.000274,-0.000495,-0.015283,0.015291,0|1|2|3|4|5|6|7,0.4752
8193.200427,-0.004509,-0.833842,0.001282,0.195642,-0.001492,0.000273,-0.000524,-0.015956,0.015964,0|1|2|3|4|5|6|7,0.4755
8193.217094,-0.004509,-0.833836,0.001280,0.199920,-0.001597,0.000265,-0.004805,-0.015851,0.016563,0|1|2|3|4|5|6|7,0.4750
8193.233761,-0.008544,-0.849627,0.001758,0.204228,-0.001698,0.000270,-0.000524,-0.017916,0.017923,0|1|2|3|4|5|6|7,0.4740
8193.250427,-0.008547,-0.849631,0.001762,0.208550,-0.001662,0.000263,-0.004844,-0.017954,0.018596,0|1|2|3|4|5|6|7,0.4725
8193.267094,-0.009044,-0.864542,0.002244,0.212949,-0.001613,0.000287,-0.001139,-0.018246,0.018282,0|1|2|3|4|5|6|7,0.4722
8193.283761,-0.009044,-0.864544,0.002247,0.217383,-0.001558,0.000276,-0.005571,-0.018301,0.019130,0|1|2|3|4|5|6|7,0.4730
8193.300427,-0.006984,-0.881722,0.002001,0.221813,-0.001498,0.000253,-0.000668,-0.017212,0.017225,0|1|2|3|4|5|6|7,0.4725
8193.317094,-0.006981,-0.881722,0.002004,0.226243,-0.001443,0.000250,-0.005099,-0.017266,0.018003,0|1|2|3|4|5|6|7,0.4726
8193.333761,-0.005810,-0.899167,0.000725,0.230684,-0.001388,0.000245,-0.000061,-0.016654,0.016654,0|1|2|3|4|5|6|7,0.4708
8193.350427,-0.005549,-0.907006,-0.000321,0.235147,-0.001332,0.000232,-0.000264,-0.016555,0.016557,0|1|2|3|4|5|6|7,0.4651
8193.367094,-0.004503,-0.908862,0.001168,0.239638,-0.001265,0.000219,-0.003749,-0.016050,0.016482,2|3|4|5|6|7,0.4737
8193.383761,-0.003638,-0.917499,0.001239,0.244115,-0.001274,0.000203,-0.003533,-0.015556,0.015953,2|3|4|5|6|7,0.4740
8193.400427,-0.002260,-0.926784,0.001218,0.248550,-0.001754,0.000159,-0.002924,-0.014312,0.014607,2|3|4|5|6|7,0.4740
8193.417094,-0.012621,-0.943115,0.000649,0.252954,-0.001629,0.000157,0.001566,-0.020039,0.020100,2|3|4|5|6|7,0.4745
8193.433761,-0.009975,-0.951535,0.000410,0.257346,-0.001497,0.000159,0.001745,-0.018719,0.018800,2|3|4|5|6|7,0.4748
8193.450427,-0.009976,-0.951526,0.000408,0.261691,-0.001361,0.000160,-0.002605,-0.018855,0.019034,2|3|4|5|6|7,0.4752
8193.467094,-0.007156,-0.959302,0.000738,0.265983,-0.001227,0.000160,-0.002676,-0.017442,0.017647,2|3|4|5|6|7,0.4750
8193.483761,-0.000787,-0.976441,0.000921,0.270266,-0.001103,0.000135,0.002345,-0.014076,0.014270,2|3|4|5|6|7,0.4737
8193.500427,-0.000785,-0.976439,0.000924,0.274562,-0.000969,0.000115,-0.001952,-0.014209,0.014342,2|3|4|5|6|7,0.4722
8193.517094,0.005403,-0.992768,0.001119,0.278872,-0.000839,0.000105,0.002601,-0.010948,0.011252,2|3|4|5|6|7,0.4713
8193.533761,0.008503,-1.001121,0.001082,0.283223,-0.000710,0.000096,0.002784,-0.009377,0.009782,2|3|4|5|6|7,0.4705
8193.550427,0.011520,-1.009663,0.000898,0.287534,-0.001211,0.000063,0.003111,-0.007222,0.007863,2|3|4|5|6|7,0.4694
8193.567094,0.000806,-1.016296,0.001066,0.291908,-0.001392,0.000037,0.002360,-0.012852,0.013067,2|3|4|5|6|7,0.4690
8193.583761,-0.002793,-1.024492,0.001081,0.296271,-0.001406,0.000046,0.002458,-0.014780,0.014983,2|3|4|5|6|7,0.4703
8193.600427,-0.003178,-1.032678,0.000735,0.300641,-0.001414,0.000051,0.002538,-0.014968,0.015181,2|3|4|5|6|7,0.4715
8193.617094,-0.003213,-1.041040,0.000651,0.305014,-0.001418,0.000057,0.002709,-0.014968,0.015211,2|3|4|5|6|7,0.4708
8193.633761,-0.003399,-1.048354,0.002282,0.309388,-0.001418,0.000062,0.002310,-0.015056,0.015232,2|3|5|6|7,0.4709
8193.650427,-0.003591,-1.057336,0.001660,0.313833,-0.001420,0.000061,0.002747,-0.015143,0.015390,2|3|5|6|7,0.4711
8193.667094,-0.003350,-1.065753,0.000840,0.318301,-0.001417,0.000061,0.002853,-0.015001,0.015270,2|3|4|5|6|7,0.4704
8193.683761,-0.003491,-1.073933,0.001191,0.322783,-0.001404,0.000070,0.002817,-0.015075,0.015336,2|3|4|5|6|7,0.4701
8193.700427,-0.003491,-1.073931,0.001189,0.327129,-0.000997,0.000068,-0.001530,-0.015483,0.015558,2|3|4|5|6|7,0.4697
8193.717094,0.007083,-1.088275,-0.000113,0.331531,-0.000934,0.000067,0.001846,-0.009775,0.009947,2|3|4|5|6|7,0.4685
8193.733761,0.007078,-1.088274,-0.000111,0.335888,-0.000869,0.000062,-0.002513,-0.009842,0.010158,2|3|4|5|6|7,0.4703
8193.750427,0.008149,-1.096566,-0.000426,0.340190,-0.000806,0.000056,-0.002310,-0.009309,0.009591,2|3|4|5|6|7,0.4704
8193.767094,0.009778,-1.112761,0.001365,0.344501,-0.000744,0.000046,0.002178,-0.008458,0.008734,2|3|4|5|6|7,0.4718
8193.783761,0.011043,-1.121701,0.001388,0.348817,-0.000683,0.000039,0.002719,-0.007816,0.008275,2|3|4|5|6|7,0.4722
8193.800427,0.012386,-1.130505,0.000444,0.353083,-0.000617,0.000044,0.003235,-0.007136,0.007835,2|3|4|5|6|7,0.4720
8193.817094,0.012387,-1.130506,0.000444,0.357359,-0.000558,0.000048,-0.001041,-0.007195,0.007270,2|3|4|5|6|7,0.4725
8193.833761,0.013879,-1.138137,0.001172,0.361714,-0.000500,0.000052,-0.001251,-0.006429,0.006550,2|3|4|5|6|7,0.4712
8193.850427,0.016553,-1.155343,0.000989,0.366034,-0.000053,0.000050,0.003776,-0.005393,0.006584,2|3|4|5|6|7,0.4721
8193.867094,0.026563,-1.162318,0.000968,0.370472,-0.000046,0.000050,0.003111,0.000052,0.003112,2|3|4|5|6|7,0.4732
8193.883761,0.026782,-1.171773,0.001269,0.374929,-0.000042,0.000050,0.003793,0.000184,0.003797,2|3|4|5|6|7|8,0.4665
8193.900427,0.028396,-1.180053,-0.001209,0.379393,-0.000041,0.000050,0.003826,0.001075,0.003974,2|3|4|5|6|7|8,0.4711
8193.917094,0.028109,-1.188774,-0.000972,0.383860,-0.000043,0.000050,0.004099,0.000936,0.004205,2|3|4|5|6|7|8,0.4722
8193.933761,0.028120,-1.196790,-0.000363,0.388317,-0.000048,0.000048,0.003998,0.000959,0.004112,2|3|4|5|6|7|8,0.4705
8193.950427,0.027744,-1.205660,-0.000328,0.392777,-0.000055,0.000048,0.004359,0.000778,0.004428,2|3|4|5|6|7|8,0.4700
8193.967094,0.027426,-1.213799,0.000285,0.397216,-0.000065,0.000046,0.004345,0.000629,0.004390,2|3|4|5|6|7|8,0.4692
8193.983761,0.027028,-1.213141,0.001032,0.401482,-0.000365,0.000042,-0.000279,0.000712,0.000764,2|3|4|5|6|8,0.4699
8194.000427,0.027197,-1.221040,0.000224,0.405834,-0.000715,0.000044,-0.000338,0.001167,0.001215,2|3|4|5|6|7|8,0.4712
8194.017094,0.012100,-1.236017,0.001750,0.410190,-0.000580,0.000078,0.003471,-0.007147,0.007945,2|3|4|5|6|7|8,0.4719
8194.033761,0.015098,-1.244542,0.001573,0.414507,-0.000442,0.000101,0.003783,-0.005640,0.006791,2|3|4|5|6|7|8,0.4714
8194.050427,0.015099,-1.244547,0.001574,0.418837,-0.000310,0.000116,-0.000544,-0.005773,0.005798,2|3|4|5|6|7|8,0.4713
8194.067094,0.020813,-1.261622,0.001353,0.423166,-0.000181,0.000138,0.004396,-0.002767,0.005194,2|3|4|5|6|7|8,0.4709
8194.083761,0.020813,-1.261623,0.001354,0.427455,-0.000056,0.000164,0.000107,-0.002891,0.002893,2|3|4|5|6|7|8,0.4702
8194.100427,0.027116,-1.279183,-0.000326,0.431739,0.000078,0.000160,0.005356,0.000431,0.005374,2|3|4|5|6|7|8,0.4672
8194.117094,0.030405,-1.287473,-0.000137,0.436039,0.000209,0.000163,0.005557,0.002101,0.005940,2|3|4|5|6|7|8,0.4673
8194.133761,0.034080,-1.295765,-0.000918,0.440357,0.000334,0.000171,0.005739,0.003989,0.006989,2|3|4|5|6|7|8,0.4656
8194.150427,0.036888,-1.303703,-0.000169,0.444651,-0.000198,0.000206,0.005754,0.006060,0.008356,2|3|4|5|6|7|8,0.4653
8194.167094,0.023883,-1.310140,0.000371,0.449072,-0.000141,0.000200,0.004853,-0.001054,0.004966,2|3|4|5|6|8,0.4686
8194.183761,0.023726,-1.317973,-0.001036,0.453529,-0.000078,0.000200,0.004654,-0.001188,0.004803,2|3|4|5|6|8,0.4639
8194.200427,0.026633,-1.328327,-0.001773,0.458010,-0.000020,0.000201,0.005795,0.000351,0.005805,3|4|5|6|7|8,0.4693
8194.217094,0.026774,-1.337104,-0.000775,0.462487,0.000034,0.000210,0.006087,0.000388,0.006100,3|4|5|6|7|8,0.4723
8194.233761,0.026764,-1.337123,-0.000798,0.466958,0.000096,0.000216,0.001627,0.000322,0.001658,3|4|5|6|7|8,0.4732
8194.250427,0.029466,-1.353528,0.000955,0.471421,0.000148,0.000220,0.006075,0.001766,0.006326,3|4|5|6|7|8,0.4714
8194.267094,0.030677,-1.362238,0.000953,0.475886,0.000197,0.000225,0.006341,0.002390,0.006777,3|4|5|6|7|8,0.4709
8194.283761,0.031744,-1.370715,0.001203,0.480337,0.000308,0.000244,0.006496,0.002874,0.007103,3|4|5|6|7|8,0.4701
8194.300427,0.034444,-1.378107,0.001094,0.484727,0.000289,0.000240,0.006119,0.004373,0.007521,3|4|5|6|7|8,0.4700
8194.317094,0.033806,-1.385558,0.001052,0.489161,0.000197,0.000246,0.005734,0.004132,0.007068,3|4|5|6|8,0.4716
8194.333761,0.032651,-1.394338,0.001832,0.493601,0.000103,0.000258,0.006069,0.003613,0.007063,3|5|6|8,0.4718
8194.350427,0.029873,-1.402842,0.000208,0.498040,0.000008,0.000258,0.006256,0.002212,0.006636,3|4|5|6|7|8,0.4724
8194.367094,0.027809,-1.411076,0.001104,0.502270,-0.000103,0.000198,0.006504,0.001217,0.006617,3|4|5|6|7|8,0.4730
8194.383761,0.027810,-1.411076,0.001106,0.506519,-0.000195,0.000187,0.002256,0.001309,0.002608,3|4|5|6|7|8,0.4729
8194.400427,0.023494,-1.427497,0.001841,0.510842,-0.000299,0.000200,0.006864,-0.000905,0.006924,3|4|5|6|7|8,0.4730
8194.417094,0.023493,-1.427494,0.001841,0.515227,-0.000405,0.000213,0.002478,-0.000799,0.002604,3|4|5|6|7|8,0.4726
8194.433761,0.018953,-1.444558,0.001942,0.519643,-0.000470,0.000248,0.007344,-0.003171,0.007999,3|4|5|6|7|8,0.4709
8194.450427,0.017361,-1.451094,0.002378,0.523994,-0.000339,0.000282,0.006548,-0.004157,0.007756,3|4|5|6|8,0.4719
8194.467094,0.017859,-1.450414,0.001835,0.528469,-0.000436,0.000285,0.001702,-0.003791,0.004156,3|4|5|6|7|8,0.4701
8194.483761,0.018238,-1.466953,0.002561,0.532949,-0.000532,0.000287,0.006210,-0.003460,0.007109,3|4|5|6|7|8,0.4741
8194.500427,0.016168,-1.475712,0.002498,0.537430,-0.000628,0.000287,0.006493,-0.004473,0.007885,3|4|5|6|7|8,0.4735
8194.517094,0.014101,-1.483852,0.002739,0.541852,-0.000736,0.000279,0.006499,-0.005475,0.008498,3|4|5|6|7|8,0.4722
8194.533761,0.014101,-1.483856,0.002738,0.546219,-0.000846,0.000252,0.002134,-0.005365,0.005774,3|4|5|6|7|8,0.4704
8194.550427,0.009135,-1.501902,0.002426,0.550544,-0.000949,0.000239,0.007625,-0.007930,0.011001,3|4|5|6|7|8,0.4700
8194.567094,0.006692,-1.510700,0.002360,0.554730,-0.000705,0.000248,0.008224,-0.009486,0.012555,3|4|5|6|7|8,0.4692
8194.583761,0.012443,-1.517209,0.001497,0.558992,-0.000261,0.000248,0.007490,-0.006793,0.010112,3|4|5|6|7|8,0.4677
8194.600427,0.012446,-1.517208,0.001504,0.563250,-0.000358,0.000246,0.003231,-0.006695,0.007434,3|4|5|6|7|8,0.4682
8194.617094,0.019162,-1.533227,0.001202,0.567566,-0.000455,0.000247,0.007610,-0.002921,0.008152,3|4|5|6|7|8,0.4703
8194.633761,0.017226,-1.541295,0.000975,0.571887,-0.000553,0.000274,0.007676,-0.003861,0.008593,3|4|5|6|7|8,0.4717
8194.650427,0.014954,-1.548951,0.000825,0.576201,-0.000652,0.000323,0.007527,-0.004983,0.009027,3|4|5|6|7|8,0.4741
8194.667094,0.012572,-1.557501,0.000935,0.580515,-0.000745,0.000332,0.007865,-0.006169,0.009996,3|4|5|6|7|8,0.4747
8194.683761,0.012576,-1.557503,0.000937,0.584830,-0.000849,0.000283,0.003551,-0.006064,0.007027,3|4|5|6|7|8,0.4746
8194.700427,0.008614,-1.573827,0.001392,0.589151,-0.000959,0.000240,0.008108,-0.008079,0.011446,3|4|5|6|7|8,0.4734
8194.717094,0.005679,-1.584254,0.002806,0.593490,-0.001072,0.000214,0.009440,-0.009543,0.013423,3|4|5|6|7|8|9|10,0.4618
8194.733761,0.004535,-1.592584,0.001118,0.597837,-0.001168,0.000204,0.009623,-0.010054,0.013917,3|4|5|6|7|8|9|10,0.4731
8194.750427,0.002455,-1.601163,0.000443,0.602006,-0.000535,0.000235,0.010120,-0.011802,0.015547,3|4|5|6|7|8|9|10,0.4723
8194.767094,0.017922,-1.605911,0.001968,0.606278,-0.000456,0.000249,0.008402,-0.003468,0.009090,3|4|5|6|7|8|9|10,0.4699
8194.783761,0.018071,-1.614276,0.000976,0.610548,-0.000552,0.000250,0.008677,-0.003276,0.009275,3|4|5|6|7|8|9|10,0.4714
8194.800427,0.015578,-1.621682,0.002070,0.614839,-0.000648,0.000253,0.008416,-0.004522,0.009554,3|4|5|6|7|8|9|10,0.4722
8194.817094,0.015575,-1.621675,0.002066,0.619123,-0.000745,0.000290,0.004129,-0.004427,0.006053,3|4|5|6|7|8|9|10,0.4725
8194.833761,0.013602,-1.630421,0.001780,0.623535,-0.000841,0.000287,0.004473,-0.005388,0.007002,3|4|5|6|7|8|9|10,0.4717
8194.850427,0.011948,-1.638586,0.002257,0.628006,-0.000951,0.000287,0.004443,-0.006163,0.007598,3|4|5|6|7|8|9|10,0.4711
8194.867094,0.007110,-1.656430,0.001718,0.632502,-0.001058,0.000286,0.009653,-0.008654,0.012965,3|4|5|6|7|8|9|10,0.4700
8194.883761,0.004796,-1.665197,0.001771,0.636865,-0.000915,0.000285,0.010059,-0.010040,0.014212,3|4|5|6|7|8|9|10,0.4692
8194.900427,0.004798,-1.665202,0.001774,0.641315,-0.001012,0.000285,0.005611,-0.009942,0.011416,3|4|5|6|7|8|9|10,0.4692
8194.917094,0.005369,-1.680223,0.001428,0.645708,-0.001107,0.000278,0.009380,-0.009510,0.013358,3|4|5|6|7|8|9|10,0.4708
8194.933761,0.003539,-1.688905,0.001484,0.650051,-0.001196,0.000265,0.009759,-0.010401,0.014263,3|4|5|6|7|8|9|10,0.4717
8194.950427,0.001102,-1.697261,0.001443,0.654335,-0.001284,0.000255,0.010021,-0.011623,0.015347,3|4|5|6|7|8|9|10,0.4737
8194.967094,0.001102,-1.697245,0.001440,0.658589,-0.001373,0.000283,0.005758,-0.011534,0.012892,3|4|5|6|7|8|9|10,0.4744
8194.983761,-0.001304,-1.704686,0.001168,0.662861,-0.001476,0.000281,0.005534,-0.012726,0.013877,3|4|5|6|8|9|10,0.4742
8195.000427,-0.005316,-1.720958,0.000887,0.667143,-0.001583,0.000275,0.010102,-0.014771,0.017895,3|4|5|6|8|9|10,0.4739
8195.017094,-0.004883,-1.718999,0.001028,0.671473,-0.001691,0.000280,0.004707,-0.014431,0.015180,3|4|5|6|7|8|9|10,0.4707
8195.033761,-0.008089,-1.729995,0.000672,0.675740,-0.001626,0.000279,0.006422,-0.016220,0.017445,4|5|6|7|8|9|10,0.4665
8195.050427,-0.007749,-1.744609,0.001608,0.680159,-0.001576,0.000285,0.009944,-0.016059,0.018889,5|6|8|9|10,0.4716
8195.067094,-0.007196,-1.753567,0.001688,0.684599,-0.001523,0.000274,0.010371,-0.015797,0.018897,5|6|7|8|9|10,0.4737
8195.083761,-0.007194,-1.753565,0.001687,0.689026,-0.001464,0.000251,0.005944,-0.015855,0.016932,5|6|7|8|9|10,0.4741
8195.100427,-0.005413,-1.770734,0.002040,0.693454,-0.001408,0.000247,0.010844,-0.014913,0.018439,5|6|7|8|9|10,0.4738
8195.117094,-0.005414,-1.770735,0.002042,0.697898,-0.001354,0.000242,0.006400,-0.014967,0.016278,5|6|7|8|9|10,0.4725
8195.133761,-0.004028,-1.779029,0.001703,0.702369,-0.001298,0.000228,0.006434,-0.014256,0.015640,5|6|7|8|9|10,0.4733
8195.150427,-0.002671,-1.788159,0.001822,0.706865,-0.001232,0.000219,0.006898,-0.013569,0.015221,5|6|7|8|9|10,0.4702
8195.167094,-0.004717,-1.791785,0.008097,0.711316,-0.001309,0.000232,0.004421,-0.014598,0.015252,5|6|8|9|10,0.4732
8195.183761,-0.001384,-1.812729,0.001243,0.715724,-0.001716,0.000149,0.011390,-0.012343,0.016795,5|6|7|8|9|10,0.4731
8195.200427,-0.009337,-1.820724,0.000843,0.720097,-0.001591,0.000136,0.011375,-0.016776,0.020269,5|6|7|8|9|10,0.4724
8195.217094,-0.006343,-1.829094,0.000493,0.724464,-0.001461,0.000137,0.011552,-0.015264,0.019143,5|6|7|8|9|10,0.4723
8195.233761,-0.006347,-1.829089,0.000495,0.728800,-0.001326,0.000137,0.007214,-0.015402,0.017008,5|6|7|8|9|10,0.4716
8195.250427,-0.000277,-1.845525,-0.000779,0.733095,-0.001194,0.000139,0.011840,-0.012207,0.017006,5|6|7|8|9|10,0.4644
8195.267094,0.003822,-1.852946,-0.001443,0.737380,-0.001070,0.000115,0.011582,-0.010090,0.015360,5|6|7|8|9|10,0.4612
8195.283761,0.003823,-1.852943,-0.001443,0.741680,-0.000938,0.000095,0.007281,-0.010222,0.012549,5|6|7|8|9|10,0.4601
8195.300427,0.007341,-1.861452,-0.000675,0.745996,-0.000809,0.000087,0.007583,-0.008424,0.011334,5|6|7|8|9|10,0.4585
8195.317094,0.013504,-1.878595,-0.000614,0.750360,-0.000681,0.000069,0.012525,-0.005173,0.013551,5|6|7|8|9|10,0.4576
8195.333761,0.016420,-1.887184,-0.000699,0.754640,-0.001288,0.000037,0.012908,-0.002966,0.013244,5|6|7|8|9|10,0.4566
8195.350427,0.001030,-1.891787,0.002022,0.759019,-0.001370,0.000015,0.011057,-0.011241,0.015767,5|6|7|8|9|10,0.4661
8195.367094,-0.001146,-1.901050,0.001679,0.763391,-0.001381,0.000027,0.011723,-0.012396,0.017062,5|6|7|8|9|10,0.4691
8195.383761,-0.001254,-1.909735,0.001458,0.767773,-0.001391,0.000035,0.012061,-0.012430,0.017319,5|6|7|8|9|10,0.4692
8195.400427,-0.001563,-1.918628,0.001329,0.772160,-0.001396,0.000042,0.012507,-0.012577,0.017737,5|6|7|8|9|10,0.4703
8195.417094,-0.001626,-1.926826,0.001438,0.776555,-0.001402,0.000035,0.012569,-0.012591,0.017790,5|6|7|8|9|10,0.4702
8195.433761,-0.001638,-1.935329,0.001616,0.781008,-0.001403,0.000036,0.012736,-0.012582,0.017903,5|6|7|8|9|10,0.4701
8195.450427,-0.001749,-1.943747,0.001844,0.785488,-0.001402,0.000034,0.012832,-0.012629,0.018004,5|6|7|8|9|10,0.4698
8195.467094,-0.001686,-1.952158,0.002123,0.789897,-0.001311,0.000036,0.012994,-0.012671,0.018149,5|6|7|8|9|10,0.4699
8195.483761,0.000396,-1.959099,0.002069,0.794272,-0.000961,0.000038,0.012388,-0.011878,0.017162,5|6|7|8|9|10,0.4707
8195.500427,0.007558,-1.965247,0.004474,0.798667,-0.000898,0.000034,0.011321,-0.008037,0.013884,5|6|7|8|9,0.4713
8195.517094,0.009101,-1.975363,0.001173,0.803021,-0.000836,0.000029,0.012462,-0.007244,0.014415,5|6|8|9|10,0.4725
8195.533761,0.009123,-1.973055,0.002896,0.807319,-0.000774,0.000022,0.006910,-0.007298,0.010050,5|6|7|8|9|10,0.4734
8195.550427,0.010323,-1.992798,0.004859,0.811625,-0.000714,0.000012,0.013332,-0.006671,0.014908,5|6|7|8|9|10|11,0.4662
8195.567094,0.010218,-1.992951,0.004967,0.815938,-0.000653,0.000006,0.009103,-0.006788,0.011355,5|6|7|8|9|10|11,0.4712
8195.583761,0.011576,-2.000285,0.005292,0.820217,-0.000586,0.000008,0.008807,-0.006105,0.010716,5|6|7|8|9|11,0.4747
8195.600427,0.015950,-2.016464,0.002911,0.824511,-0.000529,0.000013,0.013298,-0.003757,0.013819,5|6|7|8|9|10,0.4725
8195.617094,0.017003,-2.025779,0.003459,0.828884,-0.000473,0.000016,0.013985,-0.003224,0.014352,5|6|8|9|10|11,0.4714
8195.633761,0.018906,-2.034079,0.004642,0.833162,-0.000020,0.000013,0.014216,-0.002630,0.014457,5|6|7|8|9|10|11,0.4672
8195.650427,0.028396,-2.040867,0.002543,0.837615,-0.000015,0.000015,0.013435,0.002535,0.013672,5|6|7|8|9|10|11,0.4707
8195.667094,0.029022,-2.049294,0.002760,0.842079,-0.000014,0.000015,0.013550,0.002889,0.013854,5|6|7|8|9|10|11,0.4691
8195.683761,0.028736,-2.059146,0.001710,0.846549,-0.000015,0.000015,0.014434,0.002752,0.014694,5|6|7|8|9|11,0.4693
8195.700427,0.029545,-2.067524,0.001979,0.851021,-0.000020,0.000015,0.014514,0.003211,0.014865,5|6|7|8|9|10|11,0.4681
8195.717094,0.029672,-2.075987,0.002325,0.855485,-0.000028,0.000010,0.014650,0.003302,0.015017,5|6|7|8|9|10|11,0.4685
8195.733761,0.029576,-2.084507,0.002519,0.859949,-0.000038,0.000008,0.014816,0.003274,0.015174,5|6|7|8|9|10|11,0.4678
8195.750427,0.029284,-2.092750,0.002799,0.864384,-0.000050,0.000006,0.014861,0.003142,0.015189,5|6|7|8|9|10|11,0.4671
8195.767094,0.028793,-2.101945,0.002013,0.868607,-0.000439,0.000009,0.015636,0.003280,0.015976,5|6|7|8|9|10|11,0.4677
8195.783761,0.019831,-2.107148,0.002463,0.872974,-0.000670,0.000009,0.014113,-0.001350,0.014178,5|6|8|9|10|11,0.4678
8195.800427,0.014906,-2.114467,0.003126,0.877323,-0.000537,0.000035,0.013749,-0.004147,0.014361,5|6|7|8|9|10|11,0.4692
8195.817094,0.018000,-2.122989,0.003255,0.881690,-0.000404,0.000047,0.014009,-0.002584,0.014246,5|6|7|8|9|10|11,0.4692
8195.833761,0.021005,-2.132459,0.002152,0.886059,-0.000275,0.000063,0.014782,-0.001064,0.014820,5|6|7|8|9|10|11,0.4695
8195.850427,0.024025,-2.141158,0.001816,0.890426,-0.000147,0.000087,0.015137,0.000465,0.015144,5|6|7|8|9|10|11,0.4674
8195.867094,0.024037,-2.141159,0.001841,0.894727,-0.000006,0.000085,0.010837,0.000330,0.010842,5|6|7|8|9|10|11,0.4593
8195.883761,0.030696,-2.159394,0.001363,0.899014,0.000123,0.000079,0.016448,0.003852,0.016893,6|7|8|9|10|11,0.4660
8195.900427,0.033093,-2.167161,0.002630,0.903310,0.000248,0.000084,0.016370,0.005044,0.017129,6|7|8|9|11,0.4666
8195.917094,0.035601,-2.174635,0.002999,0.907637,0.000329,0.000068,0.016099,0.006338,0.017302,6|7|8|9|11,0.4668
8195.933761,0.035600,-2.174636,0.003001,0.911950,-0.000167,0.000086,0.011787,0.006834,0.013625,6|7|8|9|11,0.4710
8195.950427,0.025675,-2.189426,0.001741,0.916371,-0.000108,0.000086,0.015421,0.001406,0.015485,6|7|8|9|10|11,0.4733
8195.967094,0.026807,-2.197604,0.001900,0.920836,-0.000049,0.000086,0.015399,0.001976,0.015526,6|7|8|9|10|11,0.4749
8195.983761,0.026806,-2.197604,0.001897,0.925327,0.000005,0.000092,0.010909,0.001922,0.011077,6|7|8|9|10|11,0.4773
8196.000427,0.027393,-2.206214,0.001938,0.929810,0.000058,0.000104,0.011104,0.002202,0.011320,6|7|8|9|10|11,0.4764
8196.017094,0.029915,-2.223405,0.002760,0.934287,0.000115,0.000110,0.015965,0.003545,0.016354,6|7|8|9|10|11,0.4761
8196.033761,0.031417,-2.232762,0.002352,0.938752,0.000165,0.000116,0.016583,0.004328,0.017138,6|7|8|9|10|11,0.4740
8196.050427,0.032644,-2.241964,0.002571,0.943225,0.000211,0.000120,0.017109,0.004965,0.017815,6|7|8|9|10|11,0.4714
8196.067094,0.033826,-2.250862,0.001692,0.947617,0.000378,0.000141,0.017550,0.005456,0.018379,6|7|8|9|10|11,0.4700
8196.083761,0.037249,-2.256594,0.001304,0.952015,0.000303,0.000126,0.016262,0.007402,0.017867,6|7|8|9|10|11,0.4694
8196.100427,0.035605,-2.264562,0.002629,0.956462,0.000207,0.000132,0.016148,0.006618,0.017452,6|7|8|9|10|11,0.4717
8196.117094,0.033455,-2.273612,0.002437,0.960907,0.000110,0.000134,0.016625,0.005561,0.017530,6|7|8|9|10|11,0.4706
8196.133761,0.031803,-2.282627,0.002236,0.965355,0.000012,0.000136,0.017080,0.004778,0.017735,6|7|8|9|10|11,0.4691
8196.150427,0.029825,-2.291676,0.002416,0.969604,-0.000107,0.000090,0.017752,0.003837,0.018162,6|7|8|9|10|11,0.4690
8196.167094,0.027125,-2.299784,0.002031,0.973870,-0.000199,0.000082,0.017897,0.002476,0.018068,6|7|8|9|10|11,0.4699
8196.183761,0.024999,-2.307037,0.001932,0.978214,-0.000306,0.000094,0.017499,0.001440,0.017558,6|7|8|9|10|11,0.4717
8196.200427,0.024576,-2.306696,0.002745,0.982615,-0.000418,0.000105,0.012913,0.001321,0.012980,6|7|8|9|11,0.4710
8196.217094,0.019929,-2.323205,0.002665,0.986973,-0.000404,0.000116,0.017535,-0.001190,0.017576,6|7|8|9|10|11,0.4708
8196.233761,0.019929,-2.323206,0.002667,0.991345,-0.000321,0.000134,0.013163,-0.001273,0.013225,6|7|8|9|10|11,0.4708
8196.250427,0.020124,-2.329320,0.003177,0.995828,-0.000420,0.000136,0.012003,-0.001058,0.012049,6|7|8|9|11,0.4719
8196.267094,0.020380,-2.346004,0.003356,1.000312,-0.000519,0.000137,0.016586,-0.000790,0.016605,6|7|8|9|10|11,0.4716
8196.283761,0.018295,-2.354879,0.003583,1.004801,-0.000618,0.000138,0.016924,-0.001809,0.017020,6|7|8|9|10|11,0.4709
8196.300427,0.016191,-2.363833,0.003036,1.009224,-0.000731,0.000115,0.017371,-0.002824,0.017599,6|7|8|9|10|11,0.4700
8196.317094,0.016193,-2.363834,0.003032,1.013603,-0.000850,0.000084,0.012993,-0.002704,0.013272,6|7|8|9|10|11,0.4700
8196.333761,0.013495,-2.372527,0.002747,1.017956,-0.000959,0.000083,0.013369,-0.004047,0.013968,6|7|8|9|10|11,0.4698
8196.350427,0.008907,-2.389866,0.002635,1.022092,-0.000622,0.000089,0.018663,-0.006847,0.019880,6|7|8|9|10|11,0.4695
8196.367094,0.016843,-2.394360,0.002680,1.026356,-0.000258,0.000085,0.016828,-0.002890,0.017075,6|7|8|9|10|11,0.4714
8196.383761,0.025096,-2.401914,0.003671,1.030621,-0.000356,0.000085,0.016655,0.001706,0.016742,6|7|8|9|10|11,0.4710
8196.400427,0.022628,-2.412299,0.004079,1.034948,-0.000454,0.000084,0.017976,0.000481,0.017983,6|7|8|9|10|11|12|13,0.4623
8196.417094,0.022604,-2.412444,0.004142,1.039279,-0.000556,0.000117,0.013724,0.000570,0.013736,6|7|8|9|10|11|12|13,0.4755
8196.433761,0.016995,-2.429749,0.002363,1.043602,-0.000655,0.000165,0.018815,-0.002349,0.018961,6|7|8|9|10|11|12|13,0.4753
8196.450427,0.014790,-2.437814,0.002729,1.047925,-0.000753,0.000171,0.018879,-0.003436,0.019189,6|7|8|9|10|11|12|13,0.4740
8196.467094,0.012517,-2.445685,0.002641,1.052251,-0.000854,0.000123,0.018835,-0.004557,0.019379,6|7|8|9|10|11|12,0.4722
8196.483761,0.012971,-2.445214,0.002553,1.056584,-0.000966,0.000081,0.014245,-0.004199,0.014851,6|7|8|9|10|11|12|13,0.4718
8196.500427,0.010625,-2.454590,0.002508,1.060940,-0.001092,0.000062,0.014988,-0.005331,0.015908,6|7|8|9|10|11|12|13,0.4702
8196.517094,0.006033,-2.472421,0.002260,1.065246,-0.001120,0.000045,0.020382,-0.007768,0.021812,6|7|8|9|10|11|12|13,0.4690
8196.533761,0.005428,-2.478764,0.003342,1.069333,-0.000464,0.000081,0.019743,-0.008742,0.021592,6|7|8|9|11|12,0.4694
8196.550427,0.023579,-2.485862,0.000179,1.073570,-0.000466,0.000089,0.019332,0.001137,0.019365,6|7|8|9|11|12|13,0.4669
8196.567094,0.021322,-2.493976,0.001836,1.077813,-0.000568,0.000087,0.019503,0.000026,0.019503,6|7|8|9|10|11|12|13,0.4684
8196.583761,0.019120,-2.502691,0.001447,1.082096,-0.000661,0.000094,0.019960,-0.001062,0.019988,6|7|8|9|10|11|12|13,0.4692
8196.600427,0.016406,-2.510122,0.002800,1.086374,-0.000758,0.000133,0.019725,-0.002428,0.019874,6|7|8|9|10|11|12|13,0.4696
8196.617094,0.014729,-2.517685,0.003877,1.090795,-0.000855,0.000130,0.019417,-0.003229,0.019684,6|7|8|9|10|11|12|13,0.4703
8196.633761,0.014737,-2.517680,0.003875,1.095275,-0.000966,0.000129,0.014935,-0.003113,0.015256,6|7|8|9|10|11|12|13,0.4715
8196.650427,0.011641,-2.525967,0.004507,1.099790,-0.001085,0.000126,0.014929,-0.004662,0.015640,6|7|8|9|11|12|13,0.4701
8196.667094,0.005639,-2.544862,0.003758,1.104099,-0.000930,0.000124,0.020899,-0.008047,0.022395,6|7|8|9|10|11|12|13,0.4691
8196.683761,0.008627,-2.550183,0.003280,1.108546,-0.001024,0.000122,0.019339,-0.006320,0.020346,6|7|8|9|10|11|12|13,0.4703
8196.700427,0.008721,-2.551132,0.003482,1.112937,-0.001120,0.000115,0.015463,-0.006171,0.016649,6|8|9|10|11|12|13,0.4648
8196.717094,0.007293,-2.560147,0.003206,1.117279,-0.001210,0.000099,0.016024,-0.006841,0.017423,8|9|10|11|12|13,0.4711
8196.733761,0.002528,-2.576864,0.002709,1.121565,-0.001302,0.000087,0.020831,-0.009311,0.022817,8|9|10|11|12|13,0.4719
8196.750427,-0.000191,-2.585229,0.003263,1.125816,-0.001391,0.000112,0.021131,-0.010685,0.023678,8|9|10|11|12|13,0.4708
8196.767094,-0.002939,-2.594022,0.003410,1.130072,-0.001491,0.000107,0.021658,-0.012064,0.024791,8|9|10|11|12|13,0.4711
8196.783761,-0.004460,-2.602502,0.004985,1.134343,-0.001599,0.000096,0.021998,-0.012767,0.025435,8|9|11|12|13,0.4744
8196.800427,-0.004744,-2.600930,0.003826,1.138700,-0.001718,0.000104,0.016788,-0.012805,0.021114,8|9|10|11|12|13,0.4719
8196.817094,-0.008571,-2.619865,0.004969,1.142910,-0.001628,0.000095,0.022875,-0.014942,0.027323,8|9|11|12|13,0.4705
8196.833761,-0.007634,-2.623986,0.004166,1.147332,-0.001579,0.000098,0.020690,-0.014476,0.025251,8|9|10|11|12|13,0.4696
8196.850427,-0.005358,-2.633621,0.002081,1.151776,-0.001526,0.000087,0.021479,-0.013274,0.025250,8|9|10|11|12|13,0.4706
8196.867094,-0.004492,-2.641476,0.002975,1.156204,-0.001469,0.000062,0.021319,-0.012847,0.024891,8|9|10|11|12|13,0.4721
8196.883761,-0.003900,-2.650328,0.003696,1.160633,-0.001414,0.000054,0.021700,-0.012565,0.025075,8|9|10|11|12|13,0.4727
8196.900428,-0.002772,-2.659350,0.003390,1.165079,-0.001361,0.000049,0.022155,-0.011989,0.025191,8|9|10|11|12|13,0.4725
8196.917094,-0.001323,-2.667937,0.003355,1.169562,-0.001307,0.000030,0.022336,-0.011241,0.025005,8|9|10|11|12|13,0.4716
8196.933761,-0.000092,-2.677020,0.003110,1.174062,-0.001246,0.000022,0.022771,-0.010617,0.025125,8|9|10|11|12|13,0.4722
8196.950428,-0.000090,-2.677018,0.003113,1.178491,-0.001388,0.000038,0.018340,-0.010474,0.021120,8|9|10|11|12|13,0.4712
8196.967094,0.001490,-2.685461,0.003497,1.182870,-0.001720,-0.000057,0.018547,-0.009269,0.020734,8|9|10|11|12|13,0.4716
8196.983761,-0.008425,-2.698905,0.003513,1.187244,-0.001596,-0.000070,0.021497,-0.014758,0.026076,8|9|10|11|12|13,0.4719
8197.000428,-0.006089,-2.705931,0.004938,1.191611,-0.001467,-0.000071,0.020944,-0.013606,0.024976,8|9|10|11|12|13,0.4709
8197.017094,-0.004861,-2.714734,0.006983,1.195941,-0.001330,-0.000072,0.021396,-0.013061,0.025067,8|9|10|11|12|13,0.4723
8197.033761,-0.004862,-2.714732,0.006979,1.200237,-0.001204,-0.000070,0.017099,-0.013186,0.021593,8|9|10|11|12|13,0.4700
8197.050428,0.000484,-2.724297,0.003628,1.204532,-0.001071,-0.000092,0.017994,-0.010397,0.020782,8|9|10|11|12|13,0.4686
8197.067094,0.005395,-2.740356,0.006450,1.208836,-0.000943,-0.000112,0.022409,-0.007829,0.023737,8|9|10|11|12|13,0.4675
8197.083761,0.009947,-2.750466,0.005588,1.213156,-0.000822,-0.000119,0.023575,-0.005458,0.024199,8|9|10|11|12|13,0.4637
8197.100428,0.012746,-2.759309,0.004785,1.217534,-0.000700,-0.000153,0.023999,-0.004044,0.024337,8|9|10|11|12|13,0.4660
8197.117094,0.012747,-2.759300,0.004778,1.221758,-0.001357,-0.000185,0.019770,-0.003387,0.020058,8|9|10|11|12|13,0.4681
8197.133761,0.000998,-2.773186,0.002871,1.226107,-0.001373,-0.000215,0.022987,-0.009732,0.024962,8|9|10|11|12|13,0.4673
8197.150428,0.000491,-2.781152,0.002956,1.230478,-0.001384,-0.000204,0.022946,-0.009983,0.025024,8|9|10|11|12|13,0.4684
8197.167094,0.000254,-2.789503,0.002948,1.234864,-0.001396,-0.000196,0.023100,-0.010085,0.025206,8|9|10|11|12|13,0.4695
8197.183761,0.000276,-2.798022,0.002888,1.239255,-0.001404,-0.000190,0.023338,-0.010050,0.025410,8|9|10|11|12|13,0.4690
8197.200428,0.000211,-2.806631,0.003053,1.243653,-0.001411,-0.000195,0.023620,-0.010064,0.025674,8|9|10|11|12|13,0.4687
8197.217094,-0.000055,-2.815220,0.002970,1.248115,-0.001415,-0.000194,0.023826,-0.010190,0.025913,8|9|10|11|12|13,0.4687
8197.233761,-0.000976,-2.824514,0.004131,1.252604,-0.001415,-0.000195,0.024389,-0.010674,0.026623,8|9|10|11|12|13|14,0.4623
8197.250428,0.000258,-2.832294,0.004571,1.256942,-0.001259,-0.000192,0.024278,-0.010145,0.026312,8|9|11|12|13|14,0.4683
8197.267094,0.000260,-2.832293,0.004573,1.261343,-0.000961,-0.000194,0.019877,-0.010443,0.022453,8|9|11|12|13|14,0.4681
8197.283761,0.002891,-2.836515,0.002615,1.265738,-0.000901,-0.000197,0.017771,-0.009066,0.019950,8|9|10|11|12|13|14,0.4666
8197.300428,0.010686,-2.855639,0.002558,1.270091,-0.000841,-0.000202,0.023798,-0.004856,0.024289,8|9|10|11|12|13|14,0.4719
8197.317094,0.010697,-2.855640,0.002590,1.274384,-0.000782,-0.000209,0.019505,-0.004909,0.020113,8|9|10|11|12|13|14,0.4712
8197.333761,0.012798,-2.872380,0.002759,1.278686,-0.000725,-0.000217,0.024298,-0.003795,0.024593,8|9|10|12|13|14,0.4735
8197.350428,0.014864,-2.880523,0.003995,1.282997,-0.000662,-0.000226,0.024409,-0.002721,0.024560,8|9|10|12|13|14,0.4715
8197.367094,0.016020,-2.889774,0.002548,1.287286,-0.000601,-0.000224,0.025145,-0.002138,0.025236,8|9|10|11|12|13|14,0.4716
8197.383761,0.017124,-2.898169,0.002246,1.291601,-0.000548,-0.000219,0.025391,-0.001576,0.025440,8|9|10|12|14,0.4707
8197.400428,0.016802,-2.897092,0.002239,1.295990,-0.000492,-0.000212,0.020417,-0.001810,0.020497,8|9|10|12|13|14,0.4716
8197.417094,0.020085,-2.914719,0.002605,1.300235,-0.000038,-0.000210,0.025746,-0.000449,0.025750,8|9|10|12|13|14,0.4707
8197.433761,0.020084,-2.914723,0.002602,1.304701,-0.000037,-0.000211,0.021283,-0.000451,0.021287,8|9|10|12|13|14,0.4722
8197.450428,0.030894,-2.928509,0.003124,1.309173,-0.000039,-0.000211,0.024284,0.005450,0.024888,8|9|10|11|12|13|14,0.4718
8197.467094,0.031100,-2.937405,0.002971,1.313651,-0.000044,-0.000211,0.024640,0.005582,0.025265,8|9|10|11|12|13|14,0.4713
8197.483761,0.031101,-2.937406,0.002973,1.318130,-0.000052,-0.000211,0.020162,0.005591,0.020923,8|9|10|11|12|13|14,0.4702
8197.500428,0.032396,-2.954991,0.004976,1.322601,-0.000063,-0.000213,0.025246,0.006336,0.026029,8|9|10|11|12|13|14,0.4662
8197.517094,0.032409,-2.954982,0.004996,1.327072,-0.000076,-0.000215,0.020770,0.006356,0.021721,8|9|10|11|12|13|14,0.4671
8197.533761,0.031890,-2.964245,0.003708,1.331506,-0.000091,-0.000217,0.021371,0.006105,0.022226,8|9|10|11|12|13|14,0.4606
8197.550428,0.030697,-2.982185,-0.000023,1.335684,-0.000565,-0.000210,0.026945,0.005962,0.027597,8|9|10|11|12|13|14,0.4571
8197.567094,0.020580,-2.986476,0.003541,1.340059,-0.000686,-0.000207,0.024920,0.000592,0.024927,9|11|12|13|14,0.4662
8197.583761,0.018146,-2.995421,0.001841,1.344408,-0.000555,-0.000185,0.025436,-0.000846,0.025450,9|10|11|12|13|14,0.4652
8197.600428,0.019958,-3.002344,0.003434,1.348778,-0.000424,-0.000171,0.024825,0.000019,0.024825,9|10|11|12|14,0.4697
8197.617094,0.022931,-3.010529,0.003630,1.353148,-0.000297,-0.000153,0.024898,0.001522,0.024945,9|10|11|12|14,0.4704
8197.633761,0.025645,-3.019648,0.003304,1.357517,-0.000173,-0.000128,0.025481,0.002888,0.025644,9|10|11|12|14,0.4696
8197.650428,0.027897,-3.028742,0.002701,1.361826,-0.000033,-0.000130,0.026111,0.003988,0.026413,9|10|12|14,0.4688
8197.667094,0.031641,-3.036942,0.003267,1.366131,0.000099,-0.000131,0.026256,0.005905,0.026911,9|10|11|12|13|14,0.4695
8197.683761,0.034519,-3.045426,0.003092,1.370443,0.000220,-0.000126,0.026549,0.007363,0.027551,9|10|11|12|14,0.4698
8197.700428,0.037323,-3.054047,0.002947,1.374763,0.000246,-0.000140,0.026909,0.008876,0.028335,9|10|12|13|14,0.4702
8197.717094,0.037982,-3.060048,0.003154,1.379092,-0.000207,-0.000122,0.025841,0.009698,0.027601,9|10|11|12|13|14,0.4688
8197.733761,0.027694,-3.067902,0.003351,1.383522,-0.000149,-0.000117,0.025697,0.004062,0.026016,9|10|11|12|13|14,0.4700
8197.750428,0.028810,-3.076216,0.003278,1.387997,-0.000093,-0.000117,0.025739,0.004626,0.026152,9|10|11|12|13|14,0.4716
8197.767094,0.030089,-3.084973,0.003018,1.392494,-0.000042,-0.000108,0.025999,0.005286,0.026531,9|10|11|12|13|14,0.4721
8197.783761,0.031097,-3.093257,0.003362,1.396992,0.000011,-0.000101,0.026002,0.005795,0.026640,9|10|11|12|13|14,0.4728
8197.800428,0.032481,-3.102393,0.003140,1.401483,0.000067,-0.000099,0.026473,0.006508,0.027261,9|10|11|12|13|14,0.4714
8197.817094,0.033636,-3.110961,0.003245,1.405943,0.000114,-0.000102,0.026668,0.007103,0.027598,9|10|11|12|13|14,0.4707
8197.833761,0.033636,-3.110960,0.003247,1.410413,0.000155,-0.000099,0.022197,0.007061,0.023293,9|10|11|12|13|14,0.4705
8197.850428,0.035840,-3.128928,0.003086,1.414689,0.000311,-0.000113,0.027683,0.008135,0.028854,9|10|11|12|13|14,0.4706
8197.867094,0.035842,-3.128929,0.003087,1.419092,0.000230,-0.000129,0.023280,0.008216,0.024688,9|10|11|12|13|14,0.4710
8197.883761,0.037697,-3.142374,0.003675,1.423526,0.000133,-0.000123,0.026149,0.009345,0.027769,9|10|11|12|13|14,0.4717
8197.900428,0.035740,-3.151109,0.003380,1.427959,0.000035,-0.000121,0.026468,0.008395,0.027767,9|10|11|12|13|14,0.4715
8197.917094,0.033488,-3.159783,0.003262,1.432394,-0.000065,-0.000119,0.026751,0.007285,0.027725,9|10|11|12|13|14,0.4720
8197.933761,0.031418,-3.167981,0.003602,1.436665,-0.000195,-0.000170,0.026939,0.006304,0.027666,9|10|11|12|14,0.4717
8197.950428,0.028919,-3.176625,0.003660,1.440942,-0.000302,-0.000174,0.027363,0.005068,0.027829,9|10|11|12|14,0.4714
8197.967094,0.028919,-3.176623,0.003661,1.445293,-0.000407,-0.000163,0.023011,0.005173,0.023586,9|10|11|12|14,0.4703
8197.983761,0.024304,-3.194745,0.003609,1.449710,-0.000517,-0.000154,0.028452,0.002806,0.028590,9|10|11|12|13|14,0.4698
8198.000428,0.024303,-3.194745,0.003608,1.454019,-0.000425,-0.000143,0.024143,0.002714,0.024295,9|10|11|12|13|14,0.4693
8198.017094,0.022018,-3.203371,0.003702,1.458405,-0.000404,-0.000122,0.024449,0.001466,0.024493,9|10|11|12|13|14,0.4708
8198.033761,0.024065,-3.216217,0.003213,1.462892,-0.000504,-0.000120,0.026940,0.002701,0.027075,9|10|11|12|13|14,0.4725
8198.050428,0.024063,-3.216215,0.003210,1.467382,-0.000605,-0.000119,0.022448,0.002800,0.022622,9|10|11|12|13|14,0.4721
8198.067094,0.018122,-3.236232,0.005627,1.471875,-0.000705,-0.000119,0.028844,-0.000294,0.028846,9|10|11|12|13|14|15|16,0.4590
8198.083761,0.014987,-3.250013,0.003727,1.476306,-0.000822,-0.000147,0.031908,-0.001857,0.031962,9|10|11|12|13|14|15|16,0.4726
8198.100428,0.014764,-3.253372,0.003836,1.480679,-0.000944,-0.000172,0.029361,-0.001850,0.029420,9|10|11|12|13|14|15|16,0.4697
8198.117094,0.012337,-3.262125,0.003893,1.485046,-0.001063,-0.000176,0.029755,-0.003035,0.029909,9|10|11|12|13|14|15|16,0.4684
8198.133761,0.012333,-3.262128,0.003895,1.489117,-0.000628,-0.000168,0.025686,-0.003472,0.025919,9|10|11|12|13|14|15|16,0.4684
8198.150428,0.020043,-3.274327,0.004072,1.493384,-0.000349,-0.000168,0.028036,0.000460,0.028039,9|10|12|13|14|15|16,0.4694
8198.167094,0.025952,-3.282722,0.004096,1.497664,-0.000449,-0.000168,0.028308,0.003786,0.028560,9|10|12|13|14|15|16,0.4705
8198.183761,0.024276,-3.281155,0.004421,1.502001,-0.000549,-0.000169,0.023122,0.002972,0.023312,9|10|11|12|13|14|15|16,0.4714
8198.200428,0.021544,-3.299908,0.004237,1.506332,-0.000651,-0.000133,0.028987,0.001622,0.029033,9|10|11|12|13|14|15|16,0.4717
8198.217094,0.019518,-3.308558,0.004303,1.510657,-0.000753,-0.000080,0.029367,0.000638,0.029374,9|10|11|12|13|14|15|16,0.4725
8198.233761,0.019475,-3.308960,0.004500,1.514981,-0.000853,-0.000072,0.025262,0.000715,0.025272,9|10|12|13|14|15|16,0.4746
8198.250428,0.015163,-3.325614,0.003942,1.519307,-0.000957,-0.000120,0.029994,-0.001496,0.030032,9|10|11|12|13|14|15|16,0.4746
8198.267094,0.014921,-3.325831,0.003997,1.523643,-0.001071,-0.000158,0.025777,-0.001513,0.025821,9|10|12|13|14|15|16,0.4749
8198.283761,0.013781,-3.332984,0.003708,1.528010,-0.001201,-0.000170,0.025299,-0.001990,0.025377,9|10|11|12|13|14|15|16,0.4729
8198.300428,0.008773,-3.352096,0.003571,1.532249,-0.001149,-0.000168,0.031456,-0.004731,0.031810,9|10|11|12|13|14|15|16,0.4725
8198.317094,0.009735,-3.357254,0.004150,1.536360,-0.000480,-0.000156,0.030146,-0.004867,0.030537,9|10|11|12|13|14|15|16,0.4725
8198.333761,0.025535,-3.362597,0.005639,1.540593,-0.000571,-0.000155,0.028790,0.003820,0.029042,9|10|11|12|13|14|15|16,0.4716
8198.350428,0.023409,-3.371511,0.004905,1.544854,-0.000671,-0.000154,0.029377,0.002780,0.029508,9|10|11|12|13|14|15|16,0.4711
8198.367094,0.020214,-3.380265,0.003922,1.549140,-0.000768,-0.000145,0.029854,0.001155,0.029877,9|10|11|12|13|14|15|16,0.4720
8198.383761,0.017682,-3.388215,0.003385,1.553422,-0.000865,-0.000106,0.029897,-0.000110,0.029897,9|10|11|12|13|14|15|16,0.4647
8198.400428,0.018877,-3.389785,0.005323,1.557851,-0.000963,-0.000113,0.026319,0.000640,0.026327,11|12|13|14|15|16,0.4722
8198.417094,0.014674,-3.406247,0.006376,1.562343,-0.001076,-0.000117,0.030781,-0.001503,0.030818,11|12|13|14|15|16,0.4705
8198.433761,0.012504,-3.415070,0.005943,1.566862,-0.001184,-0.000100,0.031061,-0.002559,0.031166,11|12|13|14|15|16,0.4695
8198.450428,0.012503,-3.415067,0.005941,1.571099,-0.001050,-0.000119,0.026823,-0.002694,0.026957,11|12|13|14|15|16,0.4690
8198.467094,0.013270,-3.428043,0.005847,1.575549,-0.001147,-0.000124,0.029423,-0.002157,0.029502,11|12|13|14|15|16,0.4695
8198.483761,0.013271,-3.428044,0.005848,1.579941,-0.001243,-0.000133,0.025031,-0.002060,0.025116,11|12|13|14|15|16,0.4699
8198.500428,0.008838,-3.446392,0.004850,1.584284,-0.001334,-0.000148,0.030668,-0.004347,0.030975,11|12|13|14|15|16,0.4709
8198.517094,0.008839,-3.446394,0.004850,1.588571,-0.001430,-0.000157,0.026383,-0.004251,0.026723,11|12|13|14|15|16,0.4718
8198.533761,0.004029,-3.464100,0.004781,1.592900,-0.001527,-0.002103,0.031684,-0.006737,0.032392,11|12|13|14|15|16,0.4730
8198.550428,0.004028,-3.464098,0.004778,1.596774,-0.001341,-0.005037,0.027809,-0.006923,0.028658,11|12|13|14|15|16,0.4733
8198.567094,0.009132,-3.480035,-0.000570,1.600931,-0.001173,-0.009026,0.032304,-0.004290,0.032588,11|12|13|14|15|16,0.4729
8198.583761,0.009132,-3.480038,-0.000572,1.605326,-0.001465,-0.013747,0.027912,-0.003998,0.028197,11|12|13|14|15|16,0.4735
8198.600428,-0.005889,-3.495875,-0.008389,1.609296,-0.001525,-0.019019,0.032574,-0.012074,0.034740,11|12|13|14|15|16,0.4732
8198.617094,-0.005889,-3.495873,-0.008390,1.612981,-0.001418,-0.024552,0.028888,-0.012181,0.031351,11|12|13|14|15|16,0.4734
8198.633761,-0.004574,-3.510219,-0.018980,1.616766,-0.001230,-0.030208,0.032897,-0.011630,0.034893,11|12|13|14|15|16,0.4731
8198.650428,-0.004572,-3.510217,-0.018978,1.620767,-0.001456,-0.036196,0.028895,-0.011404,0.031064,11|12|13|14|15|16,0.4728
8198.667094,-0.015393,-3.524008,-0.030704,1.624405,-0.001430,-0.042343,0.032771,-0.017286,0.037050,11|12|13|14|15|16,0.4734
8198.683761,-0.017264,-3.530731,-0.036398,1.627761,-0.001225,-0.048409,0.033072,-0.018496,0.037893,11|12|13|14|15|16,0.4731
8198.700428,-0.011934,-3.537636,-0.042545,1.630929,-0.000836,-0.054265,0.033648,-0.015977,0.037249,12|13|14|15|16,0.4731
8198.717094,0.000994,-3.543604,-0.048278,1.634496,-0.000448,-0.060074,0.033301,-0.009329,0.034583,11|12|13|14|15|16,0.4721
8198.733761,0.006193,-3.547971,-0.053934,1.639204,-0.001074,-0.063777,0.030958,-0.005870,0.031510,11|12|13|14|15|16,0.4723
8198.750428,0.006193,-3.547971,-0.053934,1.643489,-0.001840,-0.064135,0.026673,-0.005103,0.027157,11|12|13|14|15|16,0.4719
8198.767094,-0.020499,-3.566742,-0.058190,1.647824,-0.002657,-0.064135,0.032586,-0.018760,0.037600,11|12|13|14|15|16,0.4718
8198.783761,-0.032654,-3.573666,-0.058153,1.652035,-0.002816,-0.064132,0.032159,-0.025196,0.040854,11|12|13|14|15|16,0.4710
8198.800428,-0.030182,-3.577985,-0.057883,1.656533,-0.002695,-0.064125,0.030004,-0.023965,0.038400,11|12|13|14|15|16,0.4714
8198.817094,-0.021748,-3.587540,-0.057653,1.661035,-0.002577,-0.064128,0.030680,-0.019483,0.036344,11|12|13|14|15|16,0.4711
8198.833761,-0.013355,-3.597084,-0.057878,1.665547,-0.002449,-0.064136,0.031340,-0.015033,0.034759,11|12|13|14|15|16,0.4708
8198.850428,-0.013355,-3.597082,-0.057879,1.670070,-0.002301,-0.064138,0.026817,-0.015181,0.030816,11|12|13|14|15|16,0.4705
8198.867094,-0.004383,-3.607256,-0.058728,1.674393,-0.002757,-0.064131,0.028007,-0.009832,0.029683,11|12|13|14|15|16,0.4714
8198.883761,0.000204,-3.622822,-0.057976,1.678834,-0.003463,-0.064132,0.032018,-0.006606,0.032693,11|12|13|14|15|16,0.4715
8198.900428,-0.009283,-3.631484,-0.058723,1.683277,-0.004169,-0.064125,0.032299,-0.011041,0.034134,11|12|13|14|15|16,0.4708
8198.917094,-0.019415,-3.639044,-0.057955,1.687726,-0.004872,-0.064114,0.031977,-0.015831,0.035681,11|12|13|14|15|16,0.4712
8198.933761,-0.029254,-3.647154,-0.057740,1.692007,-0.005007,-0.064167,0.032120,-0.021030,0.038392,11|12|13|14|15|16,0.4703
8198.950428,-0.029254,-3.647153,-0.057740,1.696382,-0.004909,-0.064168,0.027745,-0.021128,0.034874,11|12|13|14|15|16,0.4705
8198.967094,-0.018995,-3.663942,-0.057108,1.700714,-0.004790,-0.064160,0.032520,-0.015642,0.036086,11|12|13|14|15|16|17,0.4684
8198.983761,-0.009773,-3.672908,-0.057907,1.705061,-0.004670,-0.064160,0.033029,-0.010734,0.034730,11|12|13|14|15|16|17,0.4702
8199.000428,-0.009773,-3.672909,-0.057907,1.709419,-0.004577,-0.064192,0.028672,-0.010828,0.030648,11|12|13|14|15|16|17,0.4708
8199.017094,0.006337,-3.691272,-0.057545,1.713685,-0.004777,-0.064199,0.034357,-0.001840,0.034407,11|12|13|14|15|16|17,0.4703
8199.033761,0.006337,-3.691273,-0.057544,1.718124,-0.005553,-0.064222,0.029919,-0.001064,0.029938,11|12|13|14|15|16|17,0.4707
8199.050428,-0.004106,-3.706254,-0.058180,1.722598,-0.006350,-0.064239,0.033606,-0.005917,0.034122,11|12|13|14|15|16|17,0.4708
8199.067094,-0.015885,-3.715204,-0.058170,1.727027,-0.007171,-0.064304,0.034061,-0.011482,0.035944,11|12|13|14|15|16|17,0.4706
8199.083761,-0.028226,-3.724462,-0.058221,1.731139,-0.007485,-0.064374,0.035001,-0.017859,0.039294,11|12|13|14|15|16|17,0.4693
8199.100428,-0.029251,-3.727331,-0.058244,1.735581,-0.007380,-0.064371,0.032120,-0.018516,0.037075,11|12|13|14|15|16|17,0.4696
8199.117094,-0.029252,-3.727330,-0.058245,1.740040,-0.007268,-0.064370,0.027661,-0.018628,0.033349,11|12|13|14|15|16|17,0.4689
8199.133761,-0.012679,-3.746298,-0.058405,1.744507,-0.007158,-0.064374,0.033474,-0.009699,0.034850,11|12|13|14|15|16|17,0.4689
8199.150428,-0.012680,-3.746297,-0.058406,1.748782,-0.007429,-0.064379,0.029198,-0.009428,0.030682,11|12|13|14|15|16|17,0.4685
8199.167094,-0.004358,-3.755636,-0.058289,1.753297,-0.007995,-0.062754,0.029744,-0.004324,0.030057,11|12|13|14|15|16|17,0.4699
8199.183761,-0.009118,-3.773252,-0.056868,1.757701,-0.008662,-0.059547,0.034923,-0.006213,0.035471,11|12|13|14|15|16|17,0.4697
8199.200428,-0.009118,-3.773254,-0.056865,1.762884,-0.008682,-0.055077,0.029741,-0.006193,0.030379,11|12|13|14|15|16|17,0.4703
8199.217094,0.003719,-3.789976,-0.048945,1.767676,-0.008707,-0.049998,0.034015,0.000838,0.034025,11|12|13|14|15|16|17,0.4719
8199.233761,0.012379,-3.799274,-0.043954,1.772100,-0.008663,-0.044545,0.034629,0.005516,0.035066,11|12|13|14|15|16|17,0.4726
8199.250428,0.014198,-3.807606,-0.038741,1.776227,-0.008703,-0.038728,0.035027,0.006559,0.035636,11|12|13|14|15|16|17,0.4718
8199.267094,0.009052,-3.815333,-0.032683,1.780221,-0.008918,-0.032664,0.035241,0.003990,0.035466,12|13|14|15|16|17,0.4725
8199.283761,0.009052,-3.815333,-0.032682,1.784609,-0.008668,-0.026580,0.030853,0.003741,0.031079,12|13|14|15|16|17,0.4723
8199.300428,0.002483,-3.821259,-0.026255,1.788665,-0.008515,-0.020341,0.030028,0.000028,0.030028,12|13|14|15|16|17,0.4731
8199.317094,0.015602,-3.831163,-0.020564,1.792458,-0.008428,-0.014067,0.031595,0.007088,0.032381,12|13|14|15|16|17,0.4733
8199.333761,0.017916,-3.845554,-0.007787,1.796008,-0.008488,-0.007750,0.035863,0.008430,0.036840,12|13|14|15|16|17,0.4730
8199.350428,0.007835,-3.852361,-0.000562,1.799856,-0.008486,-0.001542,0.035732,0.002961,0.035854,12|13|14|15|16|17,0.4712
8199.367094,0.009431,-3.857402,0.004745,1.804091,-0.007740,0.004588,0.034234,0.003091,0.034373,12|13|14|15|16|17,0.4714
8199.383761,0.030147,-3.867942,0.010832,1.807884,-0.007182,0.010865,0.036134,0.013810,0.038683,12|13|14|15|16|17,0.4731
8199.400428,0.030146,-3.867941,0.010828,1.811442,-0.006698,0.017108,0.032575,0.013326,0.035195,12|13|14|15|16|17,0.4737
8199.417094,0.044175,-3.881138,0.023178,1.814774,-0.006345,0.023403,0.036390,0.020620,0.041826,12|13|14|15|16|17,0.4740
8199.433761,0.040746,-3.887463,0.029156,1.818207,-0.006067,0.029751,0.036401,0.018489,0.040828,12|13|14|15|16|17,0.4737
8199.450428,0.041922,-3.892665,0.034626,1.821784,-0.005489,0.036093,0.035650,0.018560,0.040192,12|13|14|15|16|17,0.4738
8199.467094,0.052484,-3.899998,0.040527,1.825144,-0.005004,0.042449,0.036257,0.023827,0.043385,12|13|14|15|16|17,0.4741
8199.483761,0.055109,-3.906118,0.046709,1.828316,-0.004661,0.048767,0.036406,0.024921,0.044118,12|13|14|15|16|17,0.4743
8199.500428,0.050256,-3.912604,0.052724,1.831540,-0.004484,0.055050,0.036715,0.022118,0.042863,12|13|14|15|16|17,0.4728
8199.517094,0.050261,-3.912610,0.052720,1.835174,-0.003765,0.061373,0.033085,0.021402,0.039403,12|13|14|15|16|17,0.4732
8199.533761,0.059454,-3.924646,0.065485,1.838530,-0.003212,0.067643,0.036254,0.025865,0.044535,12|13|14|15|16|17,0.4743
8199.550428,0.064685,-3.930635,0.071459,1.841708,-0.002788,0.073799,0.036321,0.028295,0.046042,12|13|14|15|16|17,0.4742
8199.567094,0.062912,-3.936720,0.077738,1.844741,-0.002552,0.079899,0.036599,0.027106,0.045543,12|13|14|15|16|17,0.4736
8199.583761,0.053539,-3.943308,0.083906,1.848030,-0.002303,0.086065,0.036907,0.021774,0.042852,12|13|14|15|16|17,0.4722
8199.600428,0.051339,-3.948988,0.090177,1.851451,-0.001727,0.092221,0.036577,0.020012,0.041693,12|13|14|15|16|17,0.4719
8199.617094,0.051342,-3.948989,0.090179,1.855561,-0.001254,0.094670,0.032466,0.019541,0.037893,12|13|14|15|16|17,0.4717
8199.633761,0.052900,-3.964126,0.098948,1.859867,-0.000908,0.095177,0.036384,0.020068,0.041552,12|13|14|15|16|17,0.4713
8199.650428,0.052563,-3.963914,0.098942,1.864174,-0.000679,0.095231,0.031963,0.019655,0.037523,12|13|14|15|17,0.4707
8199.667094,0.046036,-3.981153,0.099861,1.868479,-0.000461,0.095234,0.037038,0.015920,0.040314,12|13|14|15|17,0.4704
8199.683761,0.042930,-3.990025,0.099883,1.872645,-0.000072,0.095246,0.037699,0.013858,0.040165,12|13|14|15|16|17,0.4702
8199.700428,0.043146,-3.993959,0.100000,1.876763,0.000977,0.095109,0.035719,0.012933,0.037989,12|13|14|15|17,0.4699
8199.717094,0.043435,-3.993492,0.099994,1.881055,0.001759,0.095126,0.031173,0.012308,0.033515,12|13|14|15|16|17,0.4707
8199.733761,0.059066,-4.000513,0.099667,1.885346,0.002103,0.095169,0.030670,0.020471,0.036874,12|13|14|15|17,0.4713
8199.750428,0.067466,-4.008592,0.100164,1.889642,0.002463,0.095214,0.030750,0.024690,0.039436,12|13|14|15|16|17|19,0.4714
8199.767094,0.067775,-4.017756,0.100292,1.893947,0.002839,0.095266,0.031426,0.024498,0.039846,12|13|14|15|17|19,0.4727
8199.783761,0.067335,-4.036696,0.099449,1.898244,0.003223,0.095266,0.037423,0.023907,0.044407,12|13|14|15|16|17|19,0.4718
8199.800428,0.067842,-4.044931,0.099687,1.902552,0.003602,0.095247,0.037589,0.023818,0.044500,12|13|14|15|16|17|19,0.4712
8199.817094,0.067639,-4.044614,0.100084,1.906872,0.003972,0.095230,0.033098,0.023338,0.040498,12|13|14|15|17|19,0.4721
8199.833761,0.068406,-4.053967,0.100025,1.911196,0.004335,0.095220,0.033855,0.023407,0.041159,12|13|14|15|17|18|19,0.4706
8199.850428,0.067846,-4.071138,0.099759,1.915596,0.004690,0.095214,0.038788,0.022777,0.044981,12|13|14|15|16|17|18|19,0.4691
8199.867094,0.067984,-4.079812,0.100693,1.920493,0.004854,0.092377,0.038605,0.022703,0.044786,12|13|14|15|16|17|18|19,0.4694
8199.883761,0.067984,-4.079810,0.100693,1.925213,0.004799,0.088498,0.033884,0.022758,0.040817,12|13|14|15|16|17|18|19,0.4698
8199.900428,0.043375,-4.097804,0.093205,1.929621,0.004629,0.083776,0.039298,0.009585,0.040450,12|13|14|15|16|17|18|19,0.4700
8199.917094,0.038022,-4.104152,0.088660,1.933749,0.004570,0.078405,0.038629,0.006746,0.039214,12|13|14|15|17|18|19,0.4702
8199.933761,0.038754,-4.103393,0.089148,1.937657,0.004697,0.072533,0.034308,0.007016,0.035018,12|13|14|15|16|17|18|19,0.4702
8199.950428,0.051764,-4.117185,0.077523,1.942171,0.004453,0.066516,0.037266,0.014354,0.039935,12|13|14|15|17|18|19,0.4702
8199.967094,0.044305,-4.128701,0.071123,1.946413,0.004112,0.060327,0.039296,0.010661,0.040717,12|13|14|15|16|17|18|19,0.4669
8199.983761,0.036424,-4.134740,0.064938,1.950382,0.003861,0.053935,0.038623,0.006639,0.039189,12|13|14|15|16|17|18|19,0.4709
8200.000428,0.036995,-4.142175,0.058233,1.954102,0.003746,0.047376,0.038942,0.007077,0.039580,12|13|14|15|16|17|18|19,0.4708
8200.017094,0.044332,-4.148549,0.051503,1.958224,0.003414,0.040860,0.038272,0.011408,0.039936,12|13|14|15|16|17|18|19,0.4708
8200.033761,0.039236,-4.157183,0.045473,1.962365,0.002711,0.034481,0.038833,0.009357,0.039944,12|13|14|15|16|17|18|19,0.4710
8200.050428,0.023395,-4.164693,0.038584,1.966247,0.002071,0.028041,0.039059,0.001400,0.039084,12|13|14|15|16|17|18|19,0.4716
8200.067094,0.015526,-4.172391,0.032198,1.969904,0.001544,0.021568,0.039599,-0.002337,0.039668,12|13|14|15|16|17|18|19,0.4721
8200.083761,0.014441,-4.179134,0.025578,1.974053,0.001534,0.018597,0.039117,-0.002904,0.039224,12|13|14|15|16|17|18|19,0.4722
8200.100428,0.025627,-4.186993,0.022392,1.978278,0.001946,0.018111,0.039144,0.002776,0.039242,12|13|14|15|16|17|18|19,0.4724
8200.117094,0.025634,-4.186830,0.022620,1.982508,0.002467,0.018031,0.034825,0.002259,0.034898,12|13|14|15|17|18|19,0.4723
8200.133761,0.044881,-4.203685,0.021762,1.986718,0.002825,0.018019,0.039742,0.012391,0.041629,12|13|14|15|16|17|18|19,0.4716
8200.150428,0.049765,-4.209936,0.020557,1.991045,0.002488,0.018037,0.038804,0.015393,0.041746,12|13|14|15|16|17|18|19,0.4679
8200.167094,0.042859,-4.218264,0.022535,1.995408,0.002148,0.018055,0.038979,0.011994,0.040783,12|14|15|16|17|18|19,0.4644
8200.183761,0.034213,-4.228671,0.023319,1.999796,0.001801,0.018106,0.040262,0.007659,0.040984,14|15|16|17|18|19,0.4712
8200.200428,0.034214,-4.228672,0.023320,2.004021,0.001926,0.018121,0.036037,0.007535,0.036817,14|15|16|17|18|19,0.4707
8200.217094,0.026235,-4.243352,0.022953,2.008469,0.002316,0.018132,0.039581,0.002834,0.039683,14|15|16|17|18|19,0.4720
8200.233761,0.033391,-4.252048,0.023170,2.012899,0.002712,0.018066,0.039865,0.006342,0.040366,14|15|16|17|18|19,0.4723
8200.250428,0.033391,-4.252047,0.023170,2.017319,0.003104,0.017940,0.035445,0.005950,0.035941,14|15|16|17|18|19,0.4725
8200.267094,0.040300,-4.261480,0.022545,2.021618,0.003030,0.017854,0.036260,0.009795,0.037560,14|15|16|17|18|19,0.4728
8200.283761,0.043669,-4.276929,0.022383,2.026093,0.002660,0.017846,0.040175,0.012023,0.041935,14|15|16|17|18|19,0.4735
8200.300428,0.034100,-4.286200,0.022228,2.030552,0.002297,0.017860,0.040771,0.007203,0.041402,14|15|16|17|18|19,0.4734
8200.317094,0.024209,-4.295176,0.022561,2.034963,0.001926,0.017902,0.041255,0.002213,0.041314,14|15|16|17|18|19,0.4727
8200.333761,0.013937,-4.304033,0.023234,2.039325,0.001542,0.018002,0.041725,-0.002970,0.041831,14|15|16|17|18|19,0.4723
8200.350428,0.003989,-4.313303,0.023188,2.043450,0.001488,0.018034,0.042655,-0.008307,0.043457,14|15|16|17|18|19,0.4717
8200.367094,0.003989,-4.313305,0.023188,2.047906,0.002075,0.018049,0.038200,-0.008894,0.039222,14|15|16|17|18|19,0.4715
8200.383761,0.013320,-4.325852,0.022724,2.052384,0.002665,0.018050,0.040525,-0.004392,0.040762,14|15|16|17|18|19,0.4718
8200.400428,0.024950,-4.334851,0.022589,2.056873,0.003260,0.018038,0.040907,0.001349,0.040930,14|15|16|17|18|19,0.4721
8200.417094,0.036639,-4.343540,0.022998,2.062217,0.003263,0.015822,0.040266,0.007715,0.040998,14|15|16|17|18|19,0.4720
8200.433761,0.025851,-4.353757,0.020734,2.067349,0.003006,0.012385,0.040704,0.002127,0.040760,14|15|16|17|18|19,0.4726
8200.450428,0.016978,-4.363671,0.017344,2.072385,0.002989,0.010610,0.041071,-0.002662,0.041157,14|15|16|17|18|19,0.4730
8200.467094,0.021129,-4.373804,0.015696,2.076915,0.003072,0.010578,0.042041,-0.000472,0.042044,14|15|16|17|18|19,0.4732
8200.483761,0.021128,-4.373802,0.015696,2.081434,0.003162,0.010554,0.037522,-0.000562,0.037526,14|15|16|17|18|19,0.4730
8200.500428,0.022172,-4.382825,0.016054,2.085967,0.003247,0.010554,0.037890,-0.000064,0.037890,14|15|16|17|18|19,0.4729
8200.517094,0.024011,-4.401893,0.015395,2.090370,0.003091,0.010544,0.043847,0.001124,0.043861,14|15|16|17|18|19,0.4728
8200.533761,0.019151,-4.406382,0.015826,2.094677,0.002925,0.010464,0.041988,-0.001343,0.042009,14|15|16|17|18|19,0.4727
8200.550428,0.015122,-4.413445,0.015832,2.099071,0.003093,0.010452,0.041440,-0.003689,0.041604,14|15|16|17|18|19,0.4732
8200.567094,0.018018,-4.422254,0.016127,2.103457,0.003266,0.010455,0.041837,-0.002273,0.041899,14|15|17|18|19,0.4731
8200.583761,0.020453,-4.430934,0.015770,2.107794,0.003444,0.010442,0.042213,-0.001112,0.042227,14|15|16|17|18|19,0.4730
8200.600428,0.024059,-4.440393,0.015674,2.112106,0.003612,0.010446,0.043035,0.000696,0.043041,14|15|16|17|18|19,0.4724
8200.617094,0.026999,-4.449042,0.015772,2.116421,0.003772,0.010419,0.043415,0.002149,0.043468,14|15|16|17|18,0.4712
8200.633761,0.026364,-4.447579,0.016106,2.120751,0.003923,0.010391,0.038292,0.001650,0.038327,14|15|17|18|19,0.4707
8200.650428,0.031874,-4.465847,0.016812,2.125113,0.004080,0.010371,0.043848,0.004520,0.044080,14|15|16|17|18|19,0.4695
8200.667094,0.034434,-4.476060,0.016911,2.129463,0.004168,0.010354,0.045044,0.005840,0.045421,14|15|16|17|18|19|20,0.4631
8200.683761,0.036018,-4.482321,0.016106,2.133520,0.003673,0.010272,0.044387,0.007207,0.044968,14|15|16|17|18|19|20,0.4689
8200.700428,0.036018,-4.482322,0.016106,2.137926,0.003710,0.010256,0.039982,0.007170,0.040620,14|15|16|17|18|19|20,0.4688
8200.717094,0.025011,-4.493937,0.015425,2.142308,0.003753,0.010260,0.041931,0.001165,0.041947,14|15|16|17|18|19|20,0.4702
8200.733761,0.025010,-4.493935,0.015425,2.146690,0.003776,0.010267,0.037548,0.001142,0.037565,14|15|16|17|18|19|20,0.4700
8200.750428,0.024465,-4.512597,0.015522,2.151078,0.003800,0.010271,0.043304,0.000853,0.043312,14|15|16|17|18|19|20,0.4703
8200.767094,0.023991,-4.521584,0.015348,2.155531,0.003839,0.010275,0.043735,0.000573,0.043739,14|15|16|17|18|19|20,0.4699
8200.783761,0.024183,-4.530620,0.015595,2.160012,0.003878,0.010276,0.044165,0.000653,0.044169,14|15|17|18|19|20,0.4691
8200.800428,0.024340,-4.539744,0.015341,2.164511,0.003921,0.010275,0.044624,0.000712,0.044630,14|15|17|18|19|20,0.4690
8200.817094,0.024138,-4.537103,0.015150,2.168711,0.004251,0.010273,0.038989,0.000267,0.038990,14|15|16|17|18|19|20,0.4685
8200.833761,0.030399,-4.551554,0.014881,2.173123,0.004502,0.010270,0.042420,0.003444,0.042560,14|15|16|17|18|19|20,0.4693
8200.850428,0.035064,-4.560002,0.014804,2.177527,0.004603,0.010267,0.042600,0.005892,0.043005,14|15|16|17|18|19|20,0.4707
8200.867094,0.036285,-4.569166,0.015272,2.181881,0.004704,0.010261,0.043224,0.006471,0.043705,14|15|16|17|18|19|20,0.4720
8200.883761,0.037688,-4.578065,0.015457,2.186206,0.004801,0.010249,0.043732,0.007152,0.044313,14|15|17|18|19|20,0.4728
8200.900428,0.038822,-4.586780,0.015386,2.190529,0.004900,0.010238,0.044143,0.007685,0.044807,14|15|16|17|18|19|20,0.4731
8200.917094,0.038822,-4.586776,0.015387,2.194849,0.004992,0.010237,0.039822,0.007593,0.040539,14|15|16|17|18|19|20,0.4729
8200.933761,0.040847,-4.604576,0.015146,2.199160,0.005073,0.010237,0.045181,0.008643,0.046000,14|15|16|17|18|19|20,0.4726
8200.950428,0.041865,-4.613134,0.015544,2.203515,0.005157,0.010236,0.045475,0.009127,0.046382,14|15|16|17|18|19|20,0.4719
8200.967094,0.042388,-4.621888,0.015157,2.207794,0.005411,0.010242,0.045953,0.009172,0.046860,14|15|16|17|18|19|20,0.4701
8200.983761,0.047190,-4.626848,0.015058,2.212063,0.005828,0.010265,0.044372,0.011373,0.045807,14|15|16|17|18|19|20,0.4676
8201.000428,0.057204,-4.633224,0.015063,2.216550,0.005872,0.010264,0.043333,0.016782,0.046469,15|16|17|18|19|20,0.4700
8201.017094,0.056803,-4.642402,0.015756,2.221042,0.005912,0.010263,0.043830,0.016541,0.046847,15|16|17|18|19|20,0.4714
8201.033761,0.056960,-4.651996,0.015297,2.225541,0.005943,0.010261,0.044544,0.016611,0.047541,15|16|17|18|19|20,0.4720
8201.050428,0.057026,-4.660978,0.015281,2.230026,0.005967,0.010262,0.044940,0.016639,0.047921,15|16|17|18|20,0.4722
8201.067094,0.056577,-4.670334,0.015397,2.234509,0.005989,0.010259,0.045543,0.016389,0.048402,15|16|17|18|20,0.4717
8201.083761,0.056286,-4.679315,0.015217,2.238991,0.006010,0.010256,0.045942,0.016226,0.048723,15|16|17|18|20,0.4714
8201.100428,0.055697,-4.689005,0.015710,2.243424,0.006028,0.010250,0.046777,0.015904,0.049407,15|16|17|18|19|20,0.4716
8201.117094,0.055696,-4.689004,0.015710,2.247484,0.005532,0.010276,0.042716,0.016399,0.045756,15|16|17|18|19|20,0.4709
8201.133761,0.043508,-4.698939,0.016398,2.251830,0.005622,0.010305,0.043791,0.009702,0.044853,15|16|17|18|19|20,0.4708
8201.150428,0.043507,-4.698938,0.016397,2.256188,0.005795,0.010330,0.039432,0.009530,0.040567,15|16|17|18|19|20,0.4725
8201.167094,0.047834,-4.715570,0.016648,2.260566,0.005966,0.010345,0.044086,0.011739,0.045622,15|16|17|18|19|20,0.4720
8201.183761,0.050449,-4.724513,0.017707,2.264943,0.006133,0.010365,0.044564,0.013009,0.046424,15|16|17|18|20,0.4724
8201.200428,0.053166,-4.733245,0.017436,2.269319,0.006298,0.010391,0.044930,0.014336,0.047161,15|16|17|18|20,0.4726
8201.217094,0.056141,-4.741961,0.016523,2.273649,0.006479,0.010389,0.045332,0.015786,0.048002,15|16|17|18|20,0.4721
8201.233761,0.059819,-4.751705,0.017123,2.277982,0.006653,0.010392,0.046287,0.017627,0.049530,15|17|18|20,0.4713
8201.250428,0.062829,-4.762646,0.014264,2.282316,0.006807,0.010396,0.047895,0.019128,0.051573,15|17|18|19|20,0.4671
8201.267094,0.065963,-4.770374,0.015571,2.286590,0.006781,0.010388,0.047815,0.020871,0.052172,15|16|17|18|19|20,0.4702
8201.283761,0.063615,-4.773895,0.017319,2.291291,0.007003,0.012748,0.045031,0.019380,0.049024,15|17|18|20,0.4720
8201.300428,0.071241,-4.781843,0.018947,2.295899,0.007472,0.016301,0.044730,0.023068,0.050328,15|16|17|18|20,0.4734
8201.317094,0.070545,-4.780168,0.017880,2.300169,0.007825,0.020791,0.039551,0.022334,0.045421,15|16|17|18|19|20,0.4741
8201.333761,0.079255,-4.790338,0.022267,2.304131,0.007995,0.025966,0.041101,0.026916,0.049130,15|16|17|18|19|20,0.4740
8201.350428,0.071826,-4.806288,0.031307,2.308245,0.008130,0.031536,0.045668,0.022770,0.051030,15|16|17|18|19|20,0.4735
8201.367094,0.072580,-4.813404,0.036712,2.313148,0.008615,0.033967,0.044632,0.022708,0.050077,15|16|17|18|19|20,0.4738
8201.383761,0.072580,-4.813403,0.036714,2.317770,0.008830,0.034373,0.040009,0.022492,0.045898,15|16|17|18|19|20,0.4737
8201.400428,0.071425,-4.824569,0.037549,2.322341,0.008975,0.034453,0.041508,0.021739,0.046856,15|16|17|18|19|20,0.4734
8201.417094,0.071193,-4.842421,0.039228,2.326804,0.009104,0.034472,0.046748,0.021515,0.051461,15|16|17|18|20,0.4740
8201.433761,0.071193,-4.842421,0.039228,2.331134,0.009214,0.034466,0.042418,0.021405,0.047513,15|16|17|18|20,0.4735
8201.450428,0.070252,-4.860615,0.038941,2.335526,0.009326,0.034465,0.047915,0.020813,0.052240,15|16|17|18|20,0.4736
8201.467094,0.069577,-4.869876,0.038847,2.339984,0.009440,0.034468,0.048492,0.020348,0.052588,15|16|17|18|20,0.4733
8201.483761,0.068076,-4.879129,0.040304,2.344362,0.009711,0.034482,0.049145,0.019277,0.052791,15|16|17|18|20|22,0.4714
8201.500428,0.068060,-4.879128,0.040336,2.348543,0.009727,0.034482,0.044963,0.019253,0.048912,15|16|17|18|20|22,0.4715
8201.517094,0.069352,-4.891411,0.039143,2.353049,0.009694,0.034486,0.047131,0.020009,0.051202,15|16|17|18|20|21|22,0.4654
8201.533761,0.065146,-4.899429,0.039922,2.357556,0.009661,0.034487,0.046989,0.017770,0.050237,15|16|17|18|20|21|22,0.4716
8201.550428,0.066062,-4.891873,0.038749,2.362062,0.009629,0.034487,0.038375,0.018287,0.042509,15|16|17|18|19|20|21|22,0.4728
8201.567094,0.057460,-4.917558,0.040032,2.366530,0.009596,0.034480,0.047881,0.013689,0.049799,15|16|17|18|20|21|22,0.4732
8201.583761,0.053858,-4.926842,0.039737,2.371013,0.009609,0.032366,0.048450,0.011734,0.049850,15|16|17|18|19|20|21|22,0.4731
8201.600428,0.051307,-4.937811,0.036882,2.374933,0.010005,0.029214,0.050495,0.009971,0.051470,15|16|17|18|19|20|21|22,0.4727
8201.617094,0.061011,-4.944765,0.034316,2.379225,0.010413,0.025071,0.049966,0.014848,0.052126,15|16|17|18|19|20|21|22,0.4721
8201.633761,0.058958,-4.949099,0.030053,2.383650,0.010300,0.020277,0.047901,0.013854,0.049864,15|16|17|18|19|20|21|22,0.4725
8201.650428,0.048203,-4.961436,0.025437,2.387628,0.010473,0.014963,0.050646,0.007856,0.051251,15|16|17|18|19|20|21|22,0.4727
8201.667094,0.047440,-4.969177,0.019989,2.391300,0.010849,0.009405,0.051181,0.007080,0.051668,15|16|17|18|19|20|21|22,0.4722
8201.683761,0.054144,-4.975839,0.014742,2.394940,0.011479,0.003685,0.051151,0.010104,0.052140,15|16|17|18|19|20|21|22,0.4722
8201.700428,0.058935,-4.977484,0.009470,2.399140,0.011409,-0.002350,0.047836,0.012781,0.049514,15|16|17|18|20|21|22,0.4723
8201.717094,0.041756,-4.986517,0.003123,2.403187,0.011272,-0.008534,0.048729,0.003597,0.048861,15|16|17|18|19|20|21|22,0.4725
8201.733761,0.041751,-4.986511,0.003126,2.406830,0.011447,-0.014827,0.045082,0.003420,0.045212,15|16|17|18|19|20|21|22,0.4709
8201.750428,0.027330,-5.004606,-0.009426,2.410213,0.011786,-0.020995,0.051558,-0.004726,0.051774,15|16|17|18|19|20|21|22,0.4714
8201.767094,0.032612,-5.010804,-0.014951,2.413398,0.012300,-0.026993,0.051732,-0.002358,0.051786,15|16|17|18|19|20|21|22,0.4710
8201.783761,0.044868,-5.017657,-0.020975,2.417077,0.012645,-0.032988,0.051756,0.003969,0.051908,15|16|17|18|19|20|21|22,0.4704
8201.800428,0.045049,-5.017529,-0.020569,2.420936,0.012411,-0.039198,0.047827,0.004302,0.048020,15|17|18|19|20|21|22,0.4714
8201.817094,0.024676,-5.031249,-0.032862,2.424443,0.012466,-0.045485,0.051813,-0.006802,0.052258,15|17|18|19|20|21|22,0.4709
8201.833761,0.021277,-5.037626,-0.039568,2.428494,0.012583,-0.048764,0.051234,-0.008755,0.051976,15|16|17|18|19|20|21|22,0.4696
8201.850428,0.021722,-5.041732,-0.042252,2.432687,0.012674,-0.049301,0.049270,-0.008597,0.050015,15|16|17|18|19|20|21|22,0.4690
8201.867094,0.030398,-5.045945,-0.042539,2.437186,0.012661,-0.049321,0.047047,-0.003861,0.047205,15|16|17|18|19|20|21|22,0.4694
8201.883761,0.034054,-5.055777,-0.042865,2.441630,0.012320,-0.049327,0.047939,-0.001517,0.047963,15|16|17|18|19|20|21|22,0.4655
8201.900428,0.033857,-5.057204,-0.042895,2.446073,0.012002,-0.049326,0.044273,-0.001303,0.044292,16|17|18|19|20|21|22,0.4707
8201.917094,0.027785,-5.074758,-0.042044,2.450444,0.011692,-0.049296,0.049452,-0.004263,0.049636,17|18|19|20|21|22,0.4731
8201.933761,0.025160,-5.083451,-0.041879,2.454753,0.011384,-0.049257,0.049873,-0.005367,0.050161,17|18|19|20|21|22,0.4735
8201.950428,0.022620,-5.092154,-0.042196,2.458993,0.011077,-0.049236,0.050366,-0.006425,0.050774,17|18|19|20|21|22,0.4741
8201.967094,0.020085,-5.100570,-0.042233,2.463240,0.010767,-0.049264,0.050698,-0.007478,0.051247,17|18|19|20|21|22,0.4735
8201.983761,0.017678,-5.108993,-0.042311,2.467519,0.010447,-0.049273,0.051001,-0.008452,0.051697,17|18|19|20|21|22,0.4723
8202.000428,0.015016,-5.117717,-0.042218,2.471887,0.010112,-0.049275,0.051379,-0.009548,0.052258,17|18|19|20|21|22,0.4711
8202.017094,0.012072,-5.126921,-0.042183,2.475959,0.009729,-0.049279,0.052314,-0.010750,0.053407,17|18|19|20|21|22,0.4700
8202.033761,0.007880,-5.128974,-0.042062,2.480315,0.009509,-0.049289,0.049080,-0.012804,0.050723,17|18|19|20|21|22,0.4712
8202.050428,0.007715,-5.137151,-0.042043,2.484752,0.009322,-0.049297,0.049089,-0.012693,0.050703,17|18|19|20|21|22,0.4717
8202.067094,0.007792,-5.146086,-0.042031,2.489195,0.009145,-0.049285,0.049501,-0.012459,0.051045,17|18|19|20|21|22,0.4718
8202.083761,0.009219,-5.155127,-0.043413,2.493638,0.008969,-0.049280,0.049969,-0.011491,0.051274,17|18|19|20|21,0.4727
8202.100428,0.008253,-5.153872,-0.042362,2.498092,0.008776,-0.049271,0.044834,-0.011825,0.046368,17|18|19|20|21|22,0.4730
8202.117094,0.009501,-5.174002,-0.043364,2.501597,0.008188,-0.047572,0.052268,-0.010525,0.053317,17|18|19|20|21|22,0.4725
8202.133761,0.004273,-5.180805,-0.040701,2.504660,0.007846,-0.045216,0.052911,-0.013012,0.054488,17|18|19|20|21|22,0.4725
8202.150428,0.000666,-5.186785,-0.039305,2.507333,0.007670,-0.042093,0.053494,-0.014786,0.055500,17|18|19|20|21,0.4723
8202.167094,-0.002508,-5.191866,-0.035901,2.509727,0.007300,-0.038443,0.053867,-0.016132,0.056231,17|18|19|20|21|22,0.4717
8202.183761,-0.002511,-5.191868,-0.035899,2.511963,0.007006,-0.033819,0.051632,-0.015840,0.054007,17|18|19|20|21|22,0.4726
8202.200428,0.006424,-5.192455,-0.031951,2.513803,0.007172,-0.028675,0.050096,-0.011149,0.051321,17|18|19|20|21|22,0.4730
8202.217094,0.018801,-5.197847,-0.027392,2.515057,0.007233,-0.023214,0.051751,-0.004474,0.051944,17|18|19|20|21|22,0.4730
8202.233761,0.034093,-5.207604,-0.016474,2.516015,0.006965,-0.017439,0.056069,0.004121,0.056220,17|18|19|20|21|22,0.4730
8202.250428,0.030388,-5.209273,-0.010825,2.516382,0.006812,-0.015332,0.056615,0.002264,0.056661,17|18|19|20|21|22,0.4734
8202.267094,0.030943,-5.209067,-0.009488,2.516420,0.006832,-0.015334,0.056465,0.002546,0.056522,17|18|19|20|21,0.4732
8202.283761,0.030668,-5.209973,-0.008870,2.516440,0.006844,-0.015334,0.056937,0.002386,0.056987,17|18|19|20|21|22,0.4725
8202.300428,0.031365,-5.209685,-0.008632,2.516448,0.006844,-0.015333,0.056772,0.002764,0.056839,17|18|19|20|21|22,0.4713
8202.317094,0.031822,-5.210023,-0.009193,2.516455,0.006844,-0.015333,0.056948,0.003013,0.057027,17|18|19|20|21,0.4709
8202.333761,0.031728,-5.210119,-0.009310,2.516461,0.006844,-0.015333,0.056994,0.002962,0.057071,17|18|19|20|21,0.4705
8202.350428,0.032403,-5.209564,-0.009718,2.516467,0.006844,-0.015333,0.056685,0.003327,0.056783,17|18|19|20|21|22,0.4686
8202.367094,0.032648,-5.209404,-0.009132,2.517995,0.006910,-0.015104,0.055070,0.003395,0.055175,17|18|20|21|22,0.4674
8202.383761,0.035077,-5.209938,-0.008094,2.520936,0.006974,-0.015495,0.052415,0.004652,0.052621,17|18|20|21|22,0.4722
8202.400428,0.035559,-5.215298,-0.008955,2.525055,0.006348,-0.015703,0.051208,0.005549,0.051508,17|18|19|20|21|22,0.4721
8202.417094,0.022675,-5.223448,-0.009252,2.529453,0.005715,-0.015713,0.051261,-0.000806,0.051268,17|18|19|20|21|22,0.4725
8202.433761,0.009923,-5.232028,-0.009219,2.533864,0.005115,-0.015768,0.051536,-0.007122,0.052025,17|18|19|20|21|22,0.4716
8202.450428,-0.001842,-5.240100,-0.009008,2.538125,0.005301,-0.015730,0.051682,-0.013688,0.053464,17|18|19|20|21|22,0.4707
8202.467094,0.003984,-5.245900,-0.008821,2.542620,0.005623,-0.015717,0.050329,-0.010834,0.051482,17|18|19|20|21|22,0.4705
8202.483761,0.012913,-5.255244,-0.008271,2.547139,0.005949,-0.015715,0.050873,-0.006291,0.051260,17|18|19|20|21|22,0.4713
8202.500428,0.021705,-5.264617,-0.008564,2.551686,0.006286,-0.015706,0.051404,-0.001833,0.051437,17|18|19|20|21|22,0.4715
8202.517094,0.030400,-5.274163,-0.008674,2.556155,0.006388,-0.015681,0.052109,0.002807,0.052184,17|18|19|20|21|22,0.4714
8202.533761,0.033726,-5.281412,-0.008681,2.560587,0.006008,-0.015685,0.051610,0.005007,0.051853,17|18|19|20|21|22,0.4725
8202.550428,0.026317,-5.290245,-0.008942,2.565025,0.005627,-0.015673,0.051986,0.001376,0.052004,17|18|19|20|21|22,0.4727
8202.567094,0.019396,-5.299073,-0.008722,2.569466,0.005242,-0.015652,0.052355,-0.001984,0.052392,17|18|19|20|21|22,0.4722
8202.583761,0.012159,-5.308188,-0.009053,2.573890,0.004943,-0.015643,0.052897,-0.005603,0.053193,17|18|19|20|21|22,0.4720
8202.600428,0.006441,-5.315428,-0.008055,2.578163,0.005238,-0.015691,0.052569,-0.008994,0.053333,17|18|19|20|21|22|23,0.4665
8202.617094,0.015752,-5.321858,-0.008957,2.582520,0.005641,-0.015699,0.051690,-0.004325,0.051871,17|18|19|20|21|22|23,0.4722
8202.633761,0.026030,-5.331199,-0.008957,2.586878,0.006054,-0.015704,0.052390,0.000864,0.052397,17|18|19|20|21|22|23,0.4728
8202.650428,0.036782,-5.340359,-0.009092,2.591224,0.006468,-0.015707,0.053004,0.006310,0.053378,17|18|19|20|21|22|23,0.4732
8202.667094,0.047541,-5.349117,-0.009002,2.595662,0.006884,-0.015742,0.053307,0.011756,0.054588,17|18|19|20|21|22,0.4730
8202.683761,0.058339,-5.358661,-0.009213,2.599893,0.006400,-0.015744,0.054244,0.018124,0.057192,17|18|19|20|21|22,0.4726
8202.700428,0.048965,-5.362854,-0.009006,2.604272,0.005715,-0.015729,0.052161,0.013723,0.053936,17|18|19|20|21|22,0.4732
8202.717094,0.034864,-5.371723,-0.009469,2.608648,0.005028,-0.015744,0.052629,0.006761,0.053062,17|18|19|20|21|22,0.4722
8202.733761,0.020923,-5.380549,-0.009657,2.613006,0.004334,-0.015750,0.053092,-0.000106,0.053092,17|18|19|20|21|22,0.4710
8202.750428,0.020925,-5.380549,-0.009659,2.617224,0.004241,-0.015748,0.048874,-0.000013,0.048874,17|18|19|20|21|22,0.4697
8202.767094,0.007272,-5.394993,-0.009203,2.621637,0.004520,-0.015727,0.052335,-0.007686,0.052897,17|18|19|20|21|22,0.4690
8202.783761,0.015237,-5.405128,-0.009354,2.626061,0.004814,-0.015706,0.053406,-0.003634,0.053529,17|18|19|20|21|22|23,0.4705
8202.800428,0.023383,-5.415264,-0.009697,2.630524,0.005096,-0.015698,0.054437,0.000529,0.054439,17|18|19|20|21|22|23,0.4710
8202.817094,0.031080,-5.424593,-0.008861,2.635002,0.005338,-0.015689,0.055016,0.004486,0.055198,17|18|20|21|22|23,0.4713
8202.833761,0.037909,-5.433425,-0.009532,2.639243,0.004942,-0.015667,0.055563,0.008609,0.056226,17|18|19|20|21|22|23,0.4705
8202.850428,0.030136,-5.438056,-0.009524,2.643724,0.004425,-0.015646,0.053612,0.004910,0.053836,17|18|19|20|21|22|23,0.4717
8202.867094,0.020093,-5.446584,-0.009295,2.648216,0.003909,-0.015630,0.053772,-0.000018,0.053772,17|18|19|20|21|22|23,0.4717
8202.883761,0.010114,-5.455390,-0.009354,2.652473,0.003941,-0.015628,0.054318,-0.005458,0.054591,17|18|19|20|21|22|23,0.4700
8202.900428,0.012086,-5.460521,-0.009748,2.656910,0.004297,-0.015629,0.052666,-0.004734,0.052879,17|18|19|20|21|22|23,0.4679
8202.917094,0.012247,-5.460982,-0.009494,2.661310,0.004658,-0.015636,0.048516,-0.005007,0.048774,18|19|20|21|22|23,0.4721
8202.933761,0.030999,-5.479247,-0.009249,2.665635,0.005014,-0.015632,0.054085,0.004860,0.054303,18|19|20|21|22|23,0.4727
8202.950428,0.030999,-5.479246,-0.009249,2.669949,0.005374,-0.015634,0.049771,0.004501,0.049974,18|19|20|21|22|23,0.4729
8202.967094,0.040517,-5.487986,-0.009059,2.674353,0.005737,-0.015640,0.050101,0.009326,0.050961,18|19|20|21|22,0.4725
8202.983761,0.059120,-5.506493,-0.009183,2.678631,0.005676,-0.015648,0.055849,0.019529,0.059165,18|19|20|21|22|23,0.4719
8203.000428,0.059347,-5.511957,-0.008935,2.683111,0.005150,-0.015667,0.054338,0.020187,0.057967,18|19|20|21|22,0.4710
8203.017094,0.048985,-5.520871,-0.008927,2.687621,0.004598,-0.015689,0.054690,0.015123,0.056742,18|19|20|21|22,0.4715
8203.033761,0.038025,-5.531076,-0.009563,2.691923,0.004395,-0.015730,0.055953,0.009388,0.056735,18|19|20|21|22|23,0.4715
8203.050428,0.038024,-5.531077,-0.009563,2.696399,0.004661,-0.015728,0.051478,0.009121,0.052280,18|19|20|21|22|23,0.4717
8203.067094,0.042606,-5.544760,-0.009430,2.700894,0.004926,-0.015729,0.054412,0.011369,0.055587,18|19|20|21|22|23,0.4725
8203.083761,0.049908,-5.554294,-0.009725,2.705397,0.005190,-0.015740,0.055077,0.015091,0.057107,18|19|20|21|22|23,0.4728
8203.100428,0.057375,-5.563433,-0.009498,2.709901,0.005451,-0.015750,0.055527,0.018904,0.058657,18|19|20|21|22|23,0.4733
8203.117094,0.064585,-5.572689,-0.009547,2.714102,0.005195,-0.015751,0.056344,0.023094,0.060893,18|19|20|21|22|23,0.4731
8203.133761,0.060679,-5.577488,-0.008463,2.718428,0.004516,-0.015771,0.054633,0.021659,0.058770,18|19|20|21|22|23,0.4718
8203.150428,0.046735,-5.586603,-0.009450,2.722749,0.003821,-0.015772,0.055290,0.014791,0.057234,18|19|20|21|22|23,0.4712
8203.167094,0.032979,-5.594898,-0.008464,2.727113,0.003120,-0.015757,0.055457,0.008031,0.056036,18|19|20|21|22|23,0.4700
8203.183761,0.018654,-5.603881,-0.008633,2.731254,0.002854,-0.015736,0.056224,0.000526,0.056226,18|19|20|21|22|23,0.4696
8203.200428,0.018653,-5.603881,-0.008633,2.735714,0.003261,-0.015710,0.051763,0.000119,0.051764,18|19|20|21|22|23,0.4706
8203.217094,0.014090,-5.607618,-0.009362,2.740059,0.003676,-0.015688,0.049458,-0.002769,0.049535,18|19|20|21|22|23,0.4718
8203.233761,0.024587,-5.616774,-0.009337,2.744379,0.004078,-0.015685,0.050096,0.002550,0.050161,18|19|20|21|22|23,0.4727
8203.250428,0.045628,-5.634647,-0.008905,2.748725,0.004481,-0.015681,0.055426,0.013612,0.057073,18|19|20|21|22|23,0.4731
8203.267095,0.056169,-5.643844,-0.009146,2.753072,0.004779,-0.015654,0.056059,0.019059,0.059210,18|19|20|21|22|23,0.4731
8203.283761,0.056169,-5.643844,-0.009143,2.757383,0.004413,-0.015667,0.051749,0.019425,0.055275,18|19|20|21|22|23,0.4739
8203.300428,0.056848,-5.660161,-0.009462,2.761702,0.004043,-0.015679,0.056296,0.020192,0.059808,18|19|20|21|22|23,0.4737
8203.317095,0.049900,-5.668888,-0.009788,2.766034,0.003670,-0.015684,0.056719,0.016804,0.059156,18|19|20|21|22|23,0.4732
8203.333761,0.049899,-5.668888,-0.009790,2.770407,0.003290,-0.015686,0.052346,0.017183,0.055094,18|19|20|21|22|23,0.4730
8203.350428,0.036147,-5.685776,-0.009394,2.774711,0.003459,-0.015663,0.057245,0.009570,0.058039,18|19|20|21|22|23,0.4719
8203.367095,0.041703,-5.691679,-0.009185,2.779204,0.003795,-0.015663,0.055949,0.012263,0.057277,18|19|20|21|22|23,0.4713
8203.383761,0.049968,-5.700932,-0.010188,2.783743,0.004141,-0.015664,0.056425,0.016426,0.058768,18|19|20|21|22,0.4715
8203.400428,0.059582,-5.712162,-0.009600,2.788294,0.004485,-0.015674,0.057961,0.021326,0.061759,18|19|20|21|22,0.4726
8203.417095,0.059782,-5.712759,-0.011162,2.792612,0.004546,-0.015630,0.053967,0.021374,0.058046,18|19|20|21,0.4729
8203.433761,0.070816,-5.729287,-0.012108,2.797027,0.003922,-0.015667,0.058515,0.028024,0.064880,18|19|20|21,0.4711
8203.450428,0.058748,-5.734591,-0.009324,2.801462,0.003293,-0.015675,0.056983,0.022104,0.061120,18|19|20|21|22,0.4724
8203.467095,0.045950,-5.742915,-0.009610,2.805899,0.002661,-0.015667,0.057093,0.015794,0.059237,18|19|20|21|22,0.4725
8203.483761,0.045950,-5.742916,-0.009611,2.810213,0.002708,-0.015666,0.052780,0.015747,0.055079,18|19|20|21|22,0.4719
8203.500428,0.036255,-5.758176,-0.010041,2.814645,0.002882,-0.015666,0.056658,0.010330,0.057592,18|19|20|21|22|23,0.4721
8203.517095,0.036254,-5.758176,-0.010042,2.818956,0.003075,-0.015640,0.052347,0.010138,0.053320,18|19|20|21|22|23,0.4726
8203.533761,0.047592,-5.776266,-0.009694,2.823268,0.003253,-0.015635,0.057847,0.016152,0.060060,18|19|20|21|22|23,0.4725
8203.550428,0.047592,-5.776266,-0.009693,2.827583,0.003404,-0.015710,0.053532,0.016002,0.055872,18|19|20|21|22|23,0.4726
8203.567095,0.057922,-5.794282,-0.010283,2.831913,0.003533,-0.015763,0.058975,0.021518,0.062778,18|19|20|21|22|23,0.4729
8203.583761,0.057921,-5.794281,-0.010283,2.836171,0.003025,-0.015810,0.054717,0.022025,0.058984,18|19|20|21|22|23,0.4728
8203.600428,0.051130,-5.808424,-0.010247,2.840588,0.002419,-0.015818,0.057997,0.018965,0.061019,18|19|20|21|22|23,0.4733
8203.617095,0.039389,-5.817156,-0.010313,2.845053,0.001799,-0.015816,0.058299,0.013218,0.059779,18|19|20|21|22|23,0.4722
8203.633761,0.027197,-5.825762,-0.010214,2.849418,0.001816,-0.015806,0.058631,0.006590,0.059001,18|19|20|21|22|23,0.4712
8203.650428,0.029359,-5.832107,-0.010252,2.853940,0.001959,-0.015805,0.057554,0.007633,0.058058,18|19|20|21|22|23,0.4720
8203.667095,0.033690,-5.841052,-0.011303,2.858465,0.002103,-0.015806,0.057883,0.009859,0.058717,18|19|20|21|23,0.4725
8203.683761,0.032923,-5.839642,-0.010522,2.862991,0.002246,-0.015810,0.052593,0.009297,0.053408,18|19|20|21|22|23,0.4725
8203.700428,0.043189,-5.859427,-0.010574,2.867455,0.002364,-0.015811,0.058863,0.014792,0.060694,18|19|20|21|23,0.4723
8203.717095,0.047298,-5.868351,-0.009618,2.871627,0.001915,-0.015835,0.059534,0.017489,0.062050,18|19|20|21|22|23,0.4690
8203.733761,0.047281,-5.868408,-0.009612,2.875936,0.001191,-0.015848,0.055256,0.018205,0.058178,18|19|20|21|22|23,0.4607
8203.750428,0.022456,-5.883639,-0.011252,2.880126,0.000616,-0.015873,0.059387,0.005314,0.059624,19|20|21|22|23,0.4590
8203.767095,0.012245,-5.888911,-0.010127,2.884337,0.000778,-0.015902,0.058058,-0.000388,0.058060,20|21|23,0.4699
8203.783761,0.015258,-5.887489,-0.009182,2.888576,0.000939,-0.015873,0.053042,0.001086,0.053053,20|21|22|23,0.4705
8203.800428,0.017372,-5.897562,-0.009654,2.892813,0.001099,-0.015819,0.054276,0.002092,0.054316,20|21|22|23,0.4712
8203.817095,0.027440,-5.914840,-0.008832,2.897043,0.001256,-0.015803,0.059418,0.007437,0.059882,20|21|22|23,0.4710
8203.833761,0.032924,-5.923386,-0.008523,2.901274,0.001416,-0.015800,0.059822,0.010272,0.060697,20|21|22,0.4713
8203.850428,0.037606,-5.932202,-0.008895,2.905513,0.001574,-0.015854,0.060367,0.012674,0.061683,20|21|22|23,0.4710
8203.867095,0.042330,-5.940866,-0.009228,2.909752,0.001710,-0.015904,0.060828,0.015120,0.062679,20|21|22|23,0.4712
8203.883761,0.042330,-5.940866,-0.009227,2.913985,0.001742,-0.015949,0.056595,0.015088,0.058572,20|21|22|23,0.4706
8203.900428,0.049132,-5.955156,-0.008668,2.918200,0.001050,-0.015926,0.060134,0.019501,0.063217,20|21|22,0.4704
8203.917095,0.034450,-5.962649,-0.008847,2.922531,0.000322,-0.015914,0.059901,0.012263,0.061143,20|21|22,0.4709
8203.933761,0.018991,-5.971672,-0.010247,2.926734,0.000158,-0.015920,0.060628,0.004041,0.060762,20|21|22|23,0.4698
8203.950428,0.016847,-5.977276,-0.010189,2.931077,0.000298,-0.015891,0.059335,0.002745,0.059399,20|21|22|23,0.4704
8203.967095,0.021224,-5.986327,-0.010176,2.935524,0.000436,-0.015891,0.059799,0.005002,0.060008,20|21|22|23,0.4710
8203.983761,0.025449,-5.995165,-0.011019,2.940007,0.000577,-0.015892,0.060112,0.007172,0.060538,20|21|22|23,0.4714
8204.000428,0.025448,-5.995165,-0.011020,2.944517,0.000722,-0.015892,0.055603,0.007027,0.056045,20|21|22|23,0.4715
8204.017095,0.035053,-6.013424,-0.011251,2.948909,0.000438,-0.015904,0.061117,0.012562,0.062394,20|21|22|23,0.4716
8204.033761,0.029851,-6.020156,-0.012808,2.953381,-0.000164,-0.015893,0.060312,0.010349,0.061194,20|21|23,0.4725
8204.050428,0.031256,-6.018512,-0.011688,2.957832,-0.000758,-0.015858,0.054965,0.011704,0.056197,20|21|22|23,0.4714
8204.067095,0.018730,-6.029233,-0.010961,2.962105,-0.001060,-0.015868,0.056541,0.005217,0.056782,20|21|22|23,0.4703
8204.083761,0.001678,-6.043647,-0.010646,2.966462,-0.000889,-0.015848,0.060047,-0.004196,0.060194,20|21|22|23,0.4705
8204.100428,0.006650,-6.052364,-0.010848,2.970777,-0.000723,-0.015763,0.060461,-0.001645,0.060484,20|21|22|23,0.4715
8204.117095,0.012278,-6.061451,-0.010192,2.975107,-0.000552,-0.015765,0.061059,0.001258,0.061072,20|21|22|23,0.4713
8204.133761,0.017497,-6.070298,-0.009949,2.979418,-0.000364,-0.015769,0.061548,0.003921,0.061673,20|21|22|23,0.4711
8204.150428,0.023201,-6.079465,-0.009963,2.983737,-0.000209,-0.015785,0.062201,0.006883,0.062581,20|21|22|23,0.4704
8204.167095,0.027660,-6.087640,-0.010064,2.988105,-0.000398,-0.015802,0.062268,0.009509,0.062990,20|21|22|23,0.4709
8204.183761,0.024381,-6.094286,-0.009798,2.992484,-0.001028,-0.015803,0.061507,0.008368,0.062073,20|21|22|23,0.4716
8204.200428,0.011890,-6.102770,-0.009884,2.996897,-0.001656,-0.015794,0.061727,0.002222,0.061767,20|21|22|23,0.4709
8204.217095,-0.000790,-6.110918,-0.009711,3.001214,-0.002168,-0.015803,0.061859,-0.004143,0.061997,20|21|22|23,0.4704
8204.233761,-0.000790,-6.110918,-0.009711,3.005587,-0.001877,-0.015760,0.057486,-0.004433,0.057657,20|21|22|23,0.4702
8204.250428,-0.001994,-6.124972,-0.008835,3.010080,-0.001548,-0.015746,0.060633,-0.005393,0.060872,20|21|22|23,0.4706
8204.267095,0.006421,-6.134042,-0.009078,3.014592,-0.001215,-0.015747,0.061036,-0.001138,0.061047,20|21|22|23,0.4711
8204.283761,0.014965,-6.142832,-0.008839,3.019130,-0.000869,-0.015738,0.061261,0.003176,0.061343,20|21|22|23,0.4706
8204.300428,0.024426,-6.152482,-0.009098,3.023607,-0.000932,-0.015734,0.062011,0.008398,0.062577,20|21|22|23,0.4708
8204.317095,0.023989,-6.160932,-0.009053,3.028073,-0.001312,-0.015729,0.062139,0.008554,0.062725,20|21|22|23,0.4707
8204.333761,0.016692,-6.169293,-0.009996,3.032542,-0.001689,-0.015720,0.062227,0.004980,0.062426,20|21|23,0.4716
8204.350428,0.009839,-6.177114,-0.008786,3.037016,-0.002072,-0.015704,0.062015,0.001652,0.062037,20|21|22|23,0.4715
8204.367095,0.002740,-6.185712,-0.010424,3.041405,-0.002310,-0.015708,0.062310,-0.001953,0.062341,20|21,0.4719
8204.383761,-0.000961,-6.191503,-0.008733,3.045679,-0.001909,-0.015716,0.061191,-0.004356,0.061346,20|21|22|23,0.4703
8204.400428,-0.000961,-6.191501,-0.008730,3.049969,-0.001503,-0.015714,0.056899,-0.004762,0.057098,20|21|22|23,0.4711
8204.417095,0.020264,-6.209899,-0.009692,3.054289,-0.001090,-0.015713,0.062542,0.006392,0.062868,20|21|22|23,0.4708
8204.433761,0.031067,-6.218580,-0.009600,3.058629,-0.000677,-0.015725,0.062901,0.011865,0.064010,20|21|22|23,0.4710
8204.450428,0.041526,-6.227967,-0.010310,3.063058,-0.000298,-0.015736,0.063556,0.017187,0.065839,20|21|22|23,0.4704
8204.467095,0.050887,-6.235537,-0.010314,3.067477,-0.000976,-0.015739,0.063235,0.022966,0.067276,20|21|22|23,0.4717
8204.483761,0.037692,-6.243760,-0.010088,3.070637,-0.001374,-0.016314,0.064566,0.016206,0.066569,20|21|22|23,0.4720
8204.500428,0.034931,-6.254946,-0.009976,3.072446,-0.001545,-0.016734,0.068841,0.014897,0.070434,20|21|22,0.4718
8204.517095,0.034259,-6.255196,-0.010794,3.072630,-0.001565,-0.016761,0.068794,0.014551,0.070316,20|21|22|23,0.4713
8204.533761,0.034136,-6.255711,-0.011167,3.072623,-0.001552,-0.016760,0.069081,0.014473,0.070581,20|21|22|23,0.4710
8204.550428,0.034576,-6.255659,-0.010801,3.072598,-0.001522,-0.016760,0.069078,0.014682,0.070621,20|21|22|23,0.4706
8204.567095,0.035158,-6.254912,-0.011089,3.072554,-0.001473,-0.016759,0.068715,0.014947,0.070322,20|21|22|23,0.4713
8204.583761,0.036817,-6.253111,-0.009898,3.072552,-0.001472,-0.016759,0.067734,0.015845,0.069563,20|21|22,0.4722
8204.600428,0.037067,-6.253343,-0.009858,3.072555,-0.001472,-0.016760,0.067858,0.015981,0.069714,20|21|22,0.4713
8204.617095,0.036820,-6.253491,-0.010063,3.072557,-0.001472,-0.016761,0.067937,0.015848,0.069761,20|21|22,0.4707
8204.633761,0.037174,-6.253462,-0.009674,3.072559,-0.001473,-0.016760,0.067918,0.016040,0.069786,20|21|22,0.4705
8204.650428,0.036907,-6.254119,-0.009957,3.072561,-0.001473,-0.016760,0.068273,0.015897,0.070100,20|21|22|23,0.4699
8204.667095,0.036907,-6.254119,-0.009957,3.072564,-0.001473,-0.016760,0.068271,0.015897,0.070098,20|21|22|23,0.4692
8204.683761,0.037756,-6.255002,-0.009745,3.072566,-0.001474,-0.016760,0.068747,0.016361,0.070667,20|21|22|23,0.4679
8204.700428,0.037278,-6.254695,-0.010433,3.072567,-0.001474,-0.016760,0.068580,0.016101,0.070444,20|21,0.4675
8204.717095,0.037279,-6.254695,-0.010433,3.072569,-0.001474,-0.016760,0.068578,0.016101,0.070442,20|21,0.4674
8204.733761,0.039028,-6.254226,-0.007410,3.072571,-0.001475,-0.016760,0.068318,0.017052,0.070414,20|21|22,0.4651
8204.750428,0.037373,-6.254600,-0.010458,3.072573,-0.001475,-0.016760,0.068522,0.016153,0.070400,20|21,0.4672
8204.767095,0.037373,-6.254600,-0.010458,3.072575,-0.001475,-0.016760,0.068520,0.016153,0.070398,20|21,0.4672
8204.783761,0.037820,-6.254602,-0.009800,3.072577,-0.001476,-0.016760,0.068518,0.016396,0.070453,20|21,0.4674
8204.800428,0.040980,-6.252751,-0.002267,3.072578,-0.001476,-0.016760,0.067505,0.018111,0.069893,20|21|22,0.4584
8204.817095,0.040980,-6.252750,-0.002266,3.072580,-0.001476,-0.016760,0.067503,0.018111,0.069891,20|21|22,0.4581
8204.833761,0.040829,-6.252811,-0.002334,3.072582,-0.001476,-0.016761,0.067534,0.018029,0.069900,20|21|22,0.4581
8204.850428,0.039199,-6.254105,-0.006719,3.072584,-0.001477,-0.016760,0.068239,0.017146,0.070360,20|21|22,0.4645
8204.867095,0.039221,-6.254096,-0.006675,3.072586,-0.001477,-0.016760,0.068233,0.017158,0.070357,20|21|22,0.4683
8204.883761,0.037869,-6.253950,-0.008753,3.072587,-0.001477,-0.016760,0.068154,0.016424,0.070105,20|21|22,0.4681
8204.900428,0.037847,-6.253963,-0.008522,3.072589,-0.001478,-0.016761,0.068159,0.016412,0.070107,20|21|22,0.4677
8204.917095,0.037847,-6.253963,-0.008522,3.072591,-0.001478,-0.016760,0.068158,0.016412,0.070106,20|21|22,0.4674
8204.933761,0.038070,-6.254019,-0.008252,3.072592,-0.001478,-0.016760,0.068186,0.016534,0.070162,20|21|22,0.4675
8204.950428,0.038090,-6.255036,-0.009494,3.072594,-0.001478,-0.016760,0.068737,0.016547,0.070701,20|21,0.4665
